{
  "experiment_name": "orthogonal_design_5",
  "group_name": "orthogonal_design",
  "experiment_config": {
    "patch_size": 7,
    "num_layers": 6,
    "num_heads": 8,
    "embed_dim": 32,
    "batch_size": 64,
    "learning_rate": 0.001,
    "dropout": 0.15
  },
  "model_config": {
    "img_size": 28,
    "in_channels": 1,
    "num_classes": 10,
    "dropout": 0.15,
    "patch_size": 7,
    "num_layers": 6,
    "num_heads": 8,
    "embed_dim": 32,
    "mlp_dim": 128
  },
  "training_config": {
    "base_learning_rate": 0.0003,
    "adjusted_learning_rate": 0.001,
    "batch_size": 64,
    "lr_source": "experiment_config",
    "lr_scaling_applied": false
  },
  "best_accuracy": 98.39,
  "best_epoch": 26,
  "final_accuracy": 98.33,
  "training_time": 564.9613771438599,
  "total_params": 78794,
  "trainable_params": 78794,
  "estimated_flops": 891072,
  "parameter_efficiency": 1248.6991395283903,
  "computational_efficiency": 110417.56446168211,
  "train_history": {
    "train_losses": [
      1.8267412786798944,
      1.3597435524850003,
      0.9074998170073861,
      0.6457396790798284,
      0.5144585064098016,
      0.4505989336287543,
      0.3969156596658708,
      0.35966878945131037,
      0.32933612726231626,
      0.3005577125656071,
      0.28615426000104405,
      0.26123499655043647,
      0.2496851927308894,
      0.23752099201718627,
      0.22071152375832295,
      0.21315862748350925,
      0.2025418993411288,
      0.19684660355292405,
      0.18918738285822273,
      0.17679191813833994,
      0.1741217314712465,
      0.16667428487010283,
      0.1626042716030373,
      0.1608116550913164,
      0.1552865167400603,
      0.15150905043673096,
      0.15308117959449793,
      0.15059346647095134,
      0.14881538389933738,
      0.1470202681527082
    ],
    "train_accs": [
      29.711666666666666,
      50.02166666666667,
      68.83833333333334,
      78.48,
      83.09333333333333,
      85.34833333333333,
      87.14666666666666,
      88.48666666666666,
      89.39333333333333,
      90.335,
      90.825,
      91.66333333333333,
      91.995,
      92.48,
      92.85166666666667,
      93.21666666666667,
      93.49833333333333,
      93.70166666666667,
      93.965,
      94.37333333333333,
      94.45666666666666,
      94.595,
      94.82,
      94.92,
      95.01166666666667,
      95.21833333333333,
      95.14666666666666,
      95.19833333333334,
      95.25333333333333,
      95.285
    ],
    "test_losses": [
      1.4824073838580185,
      0.8066627922331452,
      0.36896528759200103,
      0.27415614311767234,
      0.25023238434438494,
      0.16820021195538865,
      0.14772862548328888,
      0.13945422650190295,
      0.11100853281095624,
      0.10570878575253449,
      0.10197263978908111,
      0.09251079433241705,
      0.0920566284189677,
      0.08582542362996633,
      0.07971607782035639,
      0.07182961380832893,
      0.06492123627815705,
      0.07089644436766009,
      0.06467016964296626,
      0.06144444760421564,
      0.05721803159589411,
      0.05885704907745858,
      0.053994323798028196,
      0.05263113203105534,
      0.05106013917192152,
      0.04902519406839778,
      0.050399364802725374,
      0.04994373797189895,
      0.04970958119459972,
      0.04967790754040359
    ],
    "test_accs": [
      41.52,
      73.07,
      88.62,
      91.29,
      92.31,
      94.82,
      95.52,
      95.52,
      96.35,
      96.46,
      96.81,
      96.93,
      97.17,
      97.32,
      97.18,
      97.56,
      97.89,
      97.67,
      97.84,
      97.98,
      98.17,
      98.03,
      98.15,
      98.23,
      98.34,
      98.39,
      98.31,
      98.31,
      98.31,
      98.33
    ]
  }
}