{
  "experiment_name": "orthogonal_design_1",
  "group_name": "orthogonal_design",
  "experiment_config": {
    "patch_size": 4,
    "num_layers": 3,
    "num_heads": 2,
    "embed_dim": 32,
    "batch_size": 64,
    "learning_rate": 0.0001,
    "dropout": 0.1
  },
  "model_config": {
    "img_size": 28,
    "in_channels": 1,
    "num_classes": 10,
    "dropout": 0.1,
    "patch_size": 4,
    "num_layers": 3,
    "num_heads": 2,
    "embed_dim": 32,
    "mlp_dim": 128
  },
  "training_config": {
    "base_learning_rate": 0.0003,
    "adjusted_learning_rate": 0.0001,
    "batch_size": 64,
    "lr_source": "experiment_config",
    "lr_scaling_applied": false
  },
  "best_accuracy": 90.17,
  "best_epoch": 29,
  "final_accuracy": 89.84,
  "training_time": 475.5746717453003,
  "total_params": 40682,
  "trainable_params": 40682,
  "estimated_flops": 1468800,
  "parameter_efficiency": 2216.4593677793623,
  "computational_efficiency": 61390.25054466231,
  "train_history": {
    "train_losses": [
      1.998389011634184,
      1.7130496242661466,
      1.5504992113692928,
      1.338619593491178,
      1.2222508716303657,
      1.147148559596747,
      1.0809877688315377,
      1.0190200526068713,
      0.9742416613010455,
      0.9215563090244082,
      0.8799115635438769,
      0.840357460033919,
      0.8064704015056716,
      0.7782994570699073,
      0.7541749288659614,
      0.7337969842750126,
      0.7102428605116761,
      0.697761577488517,
      0.6807078467503286,
      0.6691278755537736,
      0.658437537803833,
      0.6509251196120085,
      0.6394355132826356,
      0.6325179700658266,
      0.6380173996376839,
      0.6205155409094113,
      0.6209273902909842,
      0.6204033903221586,
      0.6139298660605192,
      0.6181662352100364
    ],
    "train_accs": [
      26.091666666666665,
      34.585,
      42.09166666666667,
      51.233333333333334,
      55.88,
      58.955,
      61.781666666666666,
      64.58333333333333,
      66.50166666666667,
      68.40333333333334,
      69.89166666666667,
      71.25833333333334,
      72.68833333333333,
      73.58666666666667,
      74.58833333333334,
      75.20833333333333,
      76.165,
      76.62333333333333,
      77.175,
      77.59166666666667,
      77.99666666666667,
      78.13333333333334,
      78.81666666666666,
      78.82333333333334,
      78.705,
      79.16833333333334,
      79.34833333333333,
      79.22166666666666,
      79.4,
      79.23333333333333
    ],
    "test_losses": [
      1.7105667348120623,
      1.5192453200650062,
      1.223005810740647,
      1.011457354779456,
      0.911330490355279,
      0.8361599862955178,
      0.7855365151053022,
      0.7003383030936976,
      0.6987439902724734,
      0.6085418652577005,
      0.5693136039812854,
      0.5118791154425615,
      0.5098781799245032,
      0.4467626811022971,
      0.43259762274991176,
      0.4287370066544053,
      0.4137787213371058,
      0.4067197083287938,
      0.3774856288152136,
      0.3738325387239456,
      0.3637926070743306,
      0.3538071348029337,
      0.3562188645836654,
      0.3460440837843403,
      0.3470854307910439,
      0.34663806414338433,
      0.3416857085410197,
      0.3380921777741165,
      0.3338378470414763,
      0.34005026210835027
    ],
    "test_accs": [
      35.19,
      43.25,
      59.35,
      66.61,
      69.67,
      72.64,
      73.26,
      78.3,
      76.38,
      80.3,
      81.43,
      84.03,
      84.48,
      86.66,
      86.95,
      86.77,
      87.53,
      87.55,
      88.75,
      88.94,
      89.21,
      89.72,
      89.54,
      89.89,
      89.67,
      89.57,
      89.81,
      89.91,
      90.17,
      89.84
    ]
  }
}