{
  "experiment_name": "memory_efficient",
  "group_name": "efficiency_focused",
  "experiment_config": {
    "name": "memory_efficient",
    "patch_size": 14,
    "num_layers": 6,
    "num_heads": 4,
    "embed_dim": 64,
    "batch_size": 64,
    "dropout": 0.1
  },
  "model_config": {
    "img_size": 28,
    "in_channels": 1,
    "num_classes": 10,
    "dropout": 0.1,
    "patch_size": 14,
    "num_layers": 6,
    "num_heads": 4,
    "embed_dim": 64,
    "mlp_dim": 256
  },
  "training_config": {
    "base_learning_rate": 0.0003,
    "adjusted_learning_rate": 0.0003,
    "batch_size": 64,
    "lr_source": "batch_size_scaling",
    "lr_scaling_applied": true
  },
  "best_accuracy": 98.88,
  "best_epoch": 28,
  "final_accuracy": 98.86,
  "training_time": 565.6331212520599,
  "total_params": 313674,
  "trainable_params": 313674,
  "estimated_flops": 992640,
  "parameter_efficiency": 315.23173740890223,
  "computational_efficiency": 99613.15280464216,
  "train_history": {
    "train_losses": [
      0.9502664815737749,
      0.4405366210922249,
      0.3490327239386054,
      0.3054034611118882,
      0.2728152349194103,
      0.24570243595950386,
      0.22782836317507696,
      0.2121388379301725,
      0.19842566974135414,
      0.18571876982715466,
      0.1762532540567235,
      0.16531841449145632,
      0.15983557597851195,
      0.1517742528740976,
      0.14604781262640124,
      0.14086046254536363,
      0.13251323488626335,
      0.13080515123522485,
      0.1231672911078675,
      0.12012558142199858,
      0.11591082079204987,
      0.11467039490591234,
      0.11067493123782755,
      0.10571669307606879,
      0.10488013161479362,
      0.10444955131027109,
      0.10120083692062622,
      0.10175143505410869,
      0.10253687457753413,
      0.10358691042505586
    ],
    "train_accs": [
      70.515,
      86.57166666666667,
      89.34,
      90.585,
      91.52333333333333,
      92.37166666666667,
      92.89,
      93.415,
      93.74833333333333,
      94.16,
      94.35833333333333,
      94.83333333333333,
      95.03,
      95.23666666666666,
      95.39166666666667,
      95.54833333333333,
      95.74166666666666,
      95.92666666666666,
      96.07333333333334,
      96.125,
      96.325,
      96.35166666666667,
      96.535,
      96.65166666666667,
      96.68,
      96.66833333333334,
      96.78166666666667,
      96.73666666666666,
      96.73166666666667,
      96.815
    ],
    "test_losses": [
      0.26240651895570904,
      0.16154282328904054,
      0.1289447534319227,
      0.11505000814676854,
      0.09404245162513225,
      0.08584400444072049,
      0.07949251413440249,
      0.07407156510907374,
      0.06549565525500069,
      0.0666063065154205,
      0.0586583311951298,
      0.05861000115478969,
      0.05599006263399793,
      0.052939906568046965,
      0.05364842932956044,
      0.05063509782197868,
      0.0445023525856987,
      0.04342668546418582,
      0.04494532468842912,
      0.040683702192384937,
      0.037483963202596136,
      0.03772767147369635,
      0.036617752979880284,
      0.03556814861994023,
      0.03512020888634524,
      0.0350957087368651,
      0.03353080831417683,
      0.03402114147357465,
      0.03390261811088581,
      0.03389174158790202
    ],
    "test_accs": [
      92.96,
      95.42,
      96.08,
      96.47,
      97.27,
      97.28,
      97.46,
      97.79,
      97.86,
      97.89,
      98.12,
      97.97,
      98.0,
      98.25,
      98.11,
      98.42,
      98.51,
      98.54,
      98.43,
      98.61,
      98.69,
      98.78,
      98.74,
      98.82,
      98.76,
      98.84,
      98.87,
      98.88,
      98.86,
      98.86
    ]
  }
}