{
  "experiment_name": "learning_rate_ablation_learning_rate_0.001",
  "group_name": "learning_rate_ablation",
  "experiment_config": {
    "patch_size": 7,
    "num_layers": 6,
    "num_heads": 4,
    "embed_dim": 64,
    "batch_size": 64,
    "dropout": 0.1,
    "learning_rate": 0.001
  },
  "model_config": {
    "img_size": 28,
    "in_channels": 1,
    "num_classes": 10,
    "dropout": 0.1,
    "patch_size": 7,
    "num_layers": 6,
    "num_heads": 4,
    "embed_dim": 64,
    "mlp_dim": 256
  },
  "training_config": {
    "base_learning_rate": 0.0003,
    "adjusted_learning_rate": 0.001,
    "batch_size": 64,
    "lr_source": "experiment_config",
    "lr_scaling_applied": false
  },
  "best_accuracy": 99.11,
  "best_epoch": 30,
  "final_accuracy": 99.11,
  "training_time": 567.7580723762512,
  "total_params": 305034,
  "trainable_params": 305034,
  "estimated_flops": 3453312,
  "parameter_efficiency": 324.9145996839697,
  "computational_efficiency": 28699.984247006934,
  "train_history": {
    "train_losses": [
      1.717218831785198,
      0.8624475942745901,
      0.48145417425868864,
      0.3515907480502561,
      0.2860144132267692,
      0.2441246537551252,
      0.21257538047791924,
      0.19301987281724461,
      0.18063801734336912,
      0.1584905241854362,
      0.1465989471589928,
      0.1403938658825402,
      0.12824760972341495,
      0.11656365005859434,
      0.11004899016100922,
      0.10462200829286629,
      0.09538602142600712,
      0.08915287755064365,
      0.08570406970127162,
      0.07854571454187255,
      0.07810958237824107,
      0.07345792108219364,
      0.06905161726054178,
      0.06675375873463224,
      0.06293584470441545,
      0.06321793990577065,
      0.0617737030026628,
      0.06061672270898697,
      0.059903481839173066,
      0.0580636675187599
    ],
    "train_accs": [
      34.7,
      70.66166666666666,
      84.55,
      88.73,
      90.93666666666667,
      92.285,
      93.215,
      93.87333333333333,
      94.38,
      94.97333333333333,
      95.38166666666666,
      95.52,
      95.95,
      96.26,
      96.45166666666667,
      96.79,
      96.965,
      97.14333333333333,
      97.25666666666666,
      97.48166666666667,
      97.49333333333334,
      97.65,
      97.81333333333333,
      97.85833333333333,
      97.99333333333334,
      97.92833333333333,
      97.99,
      98.09333333333333,
      98.03666666666666,
      98.16666666666667
    ],
    "test_losses": [
      1.151942702615337,
      0.27820127065868894,
      0.18331570372839642,
      0.13094480550450505,
      0.09096561995139167,
      0.10486026045682419,
      0.08864910867077055,
      0.07958588475557223,
      0.08323845061010852,
      0.061815226759026,
      0.055961472987772744,
      0.051850829424728066,
      0.04755970502975189,
      0.04418590814646357,
      0.03873106665541507,
      0.03994959371129591,
      0.03729061644478363,
      0.03869728780993717,
      0.03319166912745453,
      0.03422970615070058,
      0.03113910861578058,
      0.029040376486695687,
      0.029132585514950043,
      0.02855303406620481,
      0.02709144496873902,
      0.027149110099865766,
      0.025560574277576985,
      0.02450321021051944,
      0.02452732218747549,
      0.02455193593068891
    ],
    "test_accs": [
      55.44,
      91.79,
      94.74,
      96.1,
      97.15,
      96.64,
      96.97,
      97.45,
      97.38,
      97.92,
      98.15,
      98.23,
      98.38,
      98.49,
      98.66,
      98.68,
      98.69,
      98.69,
      98.8,
      98.79,
      98.91,
      98.96,
      99.07,
      98.99,
      99.0,
      99.02,
      99.02,
      99.1,
      99.1,
      99.11
    ]
  }
}