{
  "experiment_name": "batch_size_ablation_batch_size_1024",
  "group_name": "batch_size_ablation",
  "experiment_config": {
    "patch_size": 7,
    "num_layers": 6,
    "num_heads": 4,
    "embed_dim": 64,
    "batch_size": 1024,
    "dropout": 0.1
  },
  "model_config": {
    "img_size": 28,
    "in_channels": 1,
    "num_classes": 10,
    "dropout": 0.1,
    "patch_size": 7,
    "num_layers": 6,
    "num_heads": 4,
    "embed_dim": 64,
    "mlp_dim": 256
  },
  "training_config": {
    "base_learning_rate": 0.0003,
    "adjusted_learning_rate": 0.001,
    "batch_size": 1024,
    "lr_source": "batch_size_scaling",
    "lr_scaling_applied": true
  },
  "best_accuracy": 98.17,
  "best_epoch": 29,
  "final_accuracy": 98.14,
  "training_time": 370.9171588420868,
  "total_params": 305034,
  "trainable_params": 305034,
  "estimated_flops": 3453312,
  "parameter_efficiency": 321.8329759961185,
  "computational_efficiency": 28427.7817932466,
  "train_history": {
    "train_losses": [
      2.0176314075114363,
      1.8003453703249914,
      1.518835607221571,
      1.1656938791275024,
      0.8742192256248603,
      0.654722045033665,
      0.5313704847279241,
      0.4584325541884212,
      0.39274985406358365,
      0.3614672255718102,
      0.31966828693777827,
      0.2997806698589002,
      0.27505084291353066,
      0.2575440381543111,
      0.24763530139195716,
      0.22918583983081883,
      0.21416455759840497,
      0.20220094388824397,
      0.19473867497201694,
      0.19031367564605453,
      0.1833523731615584,
      0.17753497245958297,
      0.172817228456675,
      0.1677689342680624,
      0.1624208106580427,
      0.15942393293825247,
      0.15588320198200517,
      0.15502470719107128,
      0.15301951664989277,
      0.154331829588292
    ],
    "train_accs": [
      25.148333333333333,
      31.42,
      43.305,
      58.388333333333335,
      70.65833333333333,
      78.50333333333333,
      82.88333333333334,
      85.41166666666666,
      87.53,
      88.59666666666666,
      89.85,
      90.495,
      91.29,
      91.86,
      92.15333333333334,
      92.81166666666667,
      93.36333333333333,
      93.645,
      93.91,
      93.99,
      94.16,
      94.37166666666667,
      94.54,
      94.775,
      94.89,
      94.89,
      95.07333333333334,
      95.15166666666667,
      95.18,
      95.11
    ],
    "test_losses": [
      1.8437766194343568,
      1.5736979007720948,
      1.1175044178962708,
      0.7700356781482697,
      0.40357690751552583,
      0.28824857622385025,
      0.2827326148748398,
      0.18509922474622725,
      0.16361658424139022,
      0.1554478369653225,
      0.13574180975556374,
      0.12320377230644226,
      0.1100532591342926,
      0.11291083618998528,
      0.09633231274783612,
      0.09528887197375298,
      0.08321773409843444,
      0.08195927925407887,
      0.08382631950080395,
      0.07343113012611865,
      0.07386364415287971,
      0.0677102979272604,
      0.06506748422980309,
      0.06282841134816408,
      0.06299945414066314,
      0.06366805396974087,
      0.060699256137013435,
      0.06062677130103111,
      0.05947205424308777,
      0.0598375678062439
    ],
    "test_accs": [
      29.57,
      40.69,
      60.79,
      77.29,
      89.26,
      91.94,
      91.51,
      94.39,
      95.12,
      95.24,
      95.94,
      96.41,
      96.55,
      96.55,
      96.85,
      96.89,
      97.39,
      97.42,
      97.32,
      97.67,
      97.52,
      97.89,
      97.94,
      98.05,
      97.93,
      97.87,
      98.07,
      98.13,
      98.17,
      98.14
    ]
  }
}