{
  "experiment_name": "orthogonal_design_3",
  "group_name": "orthogonal_design",
  "experiment_config": {
    "patch_size": 4,
    "num_layers": 9,
    "num_heads": 8,
    "embed_dim": 128,
    "batch_size": 1024,
    "learning_rate": 0.001,
    "dropout": 0.2
  },
  "model_config": {
    "img_size": 28,
    "in_channels": 1,
    "num_classes": 10,
    "dropout": 0.2,
    "patch_size": 4,
    "num_layers": 9,
    "num_heads": 8,
    "embed_dim": 128,
    "mlp_dim": 512
  },
  "training_config": {
    "base_learning_rate": 0.0003,
    "adjusted_learning_rate": 0.001,
    "batch_size": 1024,
    "lr_source": "experiment_config",
    "lr_scaling_applied": false
  },
  "best_accuracy": 98.31,
  "best_epoch": 27,
  "final_accuracy": 98.25,
  "training_time": 694.2832179069519,
  "total_params": 1794698,
  "trainable_params": 1794698,
  "estimated_flops": 61862400,
  "parameter_efficiency": 54.77801836297807,
  "computational_efficiency": 1589.1720980757293,
  "train_history": {
    "train_losses": [
      2.0357717275619507,
      1.803784172413713,
      1.6976779194201452,
      1.53096630411633,
      1.2805559958441783,
      1.060736684475915,
      0.875598626621699,
      0.7208789395073713,
      0.6128798258506646,
      0.5117694543579877,
      0.43948298137066727,
      0.3665706171827801,
      0.33803136520466565,
      0.2859210253266965,
      0.2616534659923133,
      0.24158914235688872,
      0.2216190344701379,
      0.19785035540491847,
      0.19095147615772182,
      0.178596859261141,
      0.16586368392079565,
      0.1593348387691934,
      0.1526002381312645,
      0.14492627195382524,
      0.13938580402883433,
      0.13881586454177308,
      0.1360403625136715,
      0.1308884398411896,
      0.13424132372868264,
      0.12791042661262772
    ],
    "train_accs": [
      23.218333333333334,
      29.858333333333334,
      34.08833333333333,
      41.695,
      53.153333333333336,
      62.163333333333334,
      69.555,
      75.72833333333334,
      79.47833333333334,
      83.06333333333333,
      85.775,
      88.15666666666667,
      89.06833333333333,
      90.81833333333333,
      91.55,
      92.26666666666667,
      92.93333333333334,
      93.69666666666667,
      93.96833333333333,
      94.275,
      94.71833333333333,
      94.945,
      95.19833333333334,
      95.44166666666666,
      95.525,
      95.52166666666666,
      95.67166666666667,
      95.87333333333333,
      95.74833333333333,
      95.92666666666666
    ],
    "test_losses": [
      1.8249661326408386,
      1.6038535356521606,
      1.5227607846260072,
      1.1517191171646117,
      0.8886772215366363,
      0.7396794080734252,
      0.587087407708168,
      0.5671604424715042,
      0.31737951189279556,
      0.24509270936250688,
      0.21135498136281966,
      0.17593170329928398,
      0.16003337725996972,
      0.12731174156069755,
      0.14232712462544442,
      0.10149844884872436,
      0.0948024619370699,
      0.09353091716766357,
      0.08899247907102108,
      0.06984028816223145,
      0.06919636391103268,
      0.06996988821774722,
      0.060451161488890647,
      0.06047331523150205,
      0.055272796750068666,
      0.05424554497003555,
      0.05225706789642572,
      0.053252631425857545,
      0.05252154693007469,
      0.05235454626381397
    ],
    "test_accs": [
      30.56,
      38.32,
      41.66,
      57.83,
      67.54,
      75.57,
      81.58,
      81.2,
      90.3,
      92.4,
      93.57,
      94.4,
      94.9,
      96.02,
      95.33,
      96.67,
      97.03,
      96.92,
      97.14,
      97.82,
      97.78,
      97.72,
      98.14,
      98.04,
      98.2,
      98.2,
      98.31,
      98.26,
      98.22,
      98.25
    ]
  }
}