{
  "experiment_name": "embed_dim_ablation_embed_dim_128",
  "group_name": "embed_dim_ablation",
  "experiment_config": {
    "patch_size": 7,
    "num_layers": 6,
    "num_heads": 4,
    "batch_size": 64,
    "dropout": 0.1,
    "embed_dim": 128
  },
  "model_config": {
    "img_size": 28,
    "in_channels": 1,
    "num_classes": 10,
    "dropout": 0.1,
    "patch_size": 7,
    "num_layers": 6,
    "num_heads": 4,
    "embed_dim": 128,
    "mlp_dim": 512
  },
  "training_config": {
    "base_learning_rate": 0.0003,
    "adjusted_learning_rate": 0.0003,
    "batch_size": 64,
    "lr_source": "batch_size_scaling",
    "lr_scaling_applied": true
  },
  "best_accuracy": 99.37,
  "best_epoch": 29,
  "final_accuracy": 99.37,
  "training_time": 563.724050283432,
  "total_params": 1199882,
  "trainable_params": 1199882,
  "estimated_flops": 13591296,
  "parameter_efficiency": 82.8164769535671,
  "computational_efficiency": 7311.296877060142,
  "train_history": {
    "train_losses": [
      1.5396732597081646,
      0.5869904963065312,
      0.36225230592304963,
      0.2836752874947497,
      0.23034549207448451,
      0.19670475391087247,
      0.17468360421071047,
      0.1526598477088757,
      0.1430906559984043,
      0.1304092413441999,
      0.12226339289223526,
      0.11127767760231137,
      0.10308815431155598,
      0.09824802439564517,
      0.09191878285280852,
      0.08573157360741515,
      0.08002278465864016,
      0.07453722174295278,
      0.07030222250465383,
      0.06640563517990611,
      0.0650054151063233,
      0.05875114940202682,
      0.05761050524712324,
      0.04999017693834113,
      0.05209565485022398,
      0.04994399402837164,
      0.04577405522848025,
      0.04767321318642163,
      0.047925767902188554,
      0.04530642966569554
    ],
    "train_accs": [
      43.34,
      80.995,
      88.61833333333334,
      91.05,
      92.77333333333333,
      93.79333333333334,
      94.41,
      95.12,
      95.6,
      95.87833333333333,
      96.13166666666666,
      96.43666666666667,
      96.73333333333333,
      96.915,
      97.1,
      97.26666666666667,
      97.435,
      97.60333333333334,
      97.76666666666667,
      97.905,
      97.91333333333333,
      98.16,
      98.16166666666666,
      98.33166666666666,
      98.33833333333334,
      98.40166666666667,
      98.55,
      98.48,
      98.41833333333334,
      98.57333333333334
    ],
    "test_losses": [
      0.6402258100403342,
      0.244155918099698,
      0.1525514010565391,
      0.10432800134216809,
      0.090577531573333,
      0.07676279719230855,
      0.07971876699649462,
      0.058420750109336464,
      0.06599755582524239,
      0.058234449160866626,
      0.0450579425457948,
      0.05301741498765672,
      0.04418491474412097,
      0.041297495412228,
      0.03613667166754781,
      0.036814223644234666,
      0.03401128120759686,
      0.032338852994329335,
      0.029723587726942814,
      0.02964930625366949,
      0.027534663164654485,
      0.024642109043583285,
      0.024654449606395866,
      0.023746265172139017,
      0.02372963088386615,
      0.02243808662807302,
      0.021411251584268147,
      0.020295300056222102,
      0.020461851083243467,
      0.020272865837883312
    ],
    "test_accs": [
      79.68,
      92.23,
      95.29,
      96.68,
      97.17,
      97.44,
      97.4,
      98.26,
      97.95,
      98.01,
      98.44,
      98.13,
      98.49,
      98.7,
      98.72,
      98.76,
      98.85,
      98.91,
      99.06,
      98.9,
      99.01,
      99.16,
      99.11,
      99.24,
      99.23,
      99.28,
      99.25,
      99.34,
      99.37,
      99.37
    ]
  }
}