{
  "experiment_name": "orthogonal_design_7",
  "group_name": "orthogonal_design",
  "experiment_config": {
    "patch_size": 14,
    "num_layers": 3,
    "num_heads": 8,
    "embed_dim": 64,
    "batch_size": 256,
    "learning_rate": 0.001,
    "dropout": 0.2
  },
  "model_config": {
    "img_size": 28,
    "in_channels": 1,
    "num_classes": 10,
    "dropout": 0.2,
    "patch_size": 14,
    "num_layers": 3,
    "num_heads": 8,
    "embed_dim": 64,
    "mlp_dim": 256
  },
  "training_config": {
    "base_learning_rate": 0.0003,
    "adjusted_learning_rate": 0.001,
    "batch_size": 256,
    "lr_source": "experiment_config",
    "lr_scaling_applied": false
  },
  "best_accuracy": 98.53,
  "best_epoch": 29,
  "final_accuracy": 98.53,
  "training_time": 362.08286213874817,
  "total_params": 163722,
  "trainable_params": 163722,
  "estimated_flops": 496320,
  "parameter_efficiency": 601.8128290639011,
  "computational_efficiency": 198521.1154094133,
  "train_history": {
    "train_losses": [
      1.128119384227915,
      0.5598181341556793,
      0.43811825272884775,
      0.37754870989221206,
      0.3362468086024548,
      0.31270522456219857,
      0.28810404260107814,
      0.2675502264119209,
      0.2507559934829144,
      0.24093637035248128,
      0.22517401896258618,
      0.22024593365953324,
      0.2118986578697854,
      0.19879375046237985,
      0.1875966196364545,
      0.1865753651616421,
      0.1781446061235793,
      0.1739111097727684,
      0.16797580478039192,
      0.16382023517755753,
      0.16479779523103796,
      0.15469220500994235,
      0.15495633102477865,
      0.14785823019895147,
      0.14474040694693302,
      0.1462919569078912,
      0.14570292281977673,
      0.1479182705600211,
      0.1428670697706811,
      0.1428317960906536
    ],
    "train_accs": [
      63.29,
      82.465,
      86.23833333333333,
      88.00166666666667,
      89.42833333333333,
      90.26833333333333,
      90.88,
      91.59,
      92.12,
      92.48333333333333,
      92.88833333333334,
      93.05,
      93.43333333333334,
      93.72166666666666,
      93.98833333333333,
      94.04666666666667,
      94.41,
      94.56333333333333,
      94.65833333333333,
      94.865,
      94.85,
      95.08333333333333,
      95.12666666666667,
      95.37333333333333,
      95.395,
      95.32833333333333,
      95.38,
      95.38166666666666,
      95.455,
      95.52333333333333
    ],
    "test_losses": [
      0.28863813765347,
      0.17469201944768428,
      0.1382102438248694,
      0.12826547580771147,
      0.11396966259926558,
      0.099574836040847,
      0.0977881247876212,
      0.08619182528927923,
      0.07780954302288592,
      0.07899944245582446,
      0.07047911032568663,
      0.06745851592277177,
      0.06216268592979759,
      0.05638836773578078,
      0.05832751089474186,
      0.052174095279769975,
      0.05136236710241064,
      0.05301031995913945,
      0.054534902822342704,
      0.04992049834690988,
      0.04911544536880683,
      0.04665297387400642,
      0.04528173194266856,
      0.04444347773969639,
      0.043806129330187106,
      0.044063419761369,
      0.042519310693023726,
      0.04282784768438432,
      0.04178848098381423,
      0.0418740749853896
    ],
    "test_accs": [
      92.2,
      94.6,
      95.66,
      95.99,
      96.12,
      96.89,
      96.92,
      97.21,
      97.4,
      97.43,
      97.82,
      97.85,
      97.99,
      98.12,
      98.02,
      98.14,
      98.27,
      98.12,
      98.09,
      98.37,
      98.27,
      98.42,
      98.44,
      98.38,
      98.44,
      98.37,
      98.52,
      98.48,
      98.53,
      98.53
    ]
  }
}