{
  "experiment_name": "depth_ablation_num_layers_3",
  "group_name": "depth_ablation",
  "experiment_config": {
    "patch_size": 7,
    "num_heads": 4,
    "embed_dim": 64,
    "batch_size": 64,
    "dropout": 0.1,
    "num_layers": 3
  },
  "model_config": {
    "img_size": 28,
    "in_channels": 1,
    "num_classes": 10,
    "dropout": 0.1,
    "patch_size": 7,
    "num_layers": 3,
    "num_heads": 4,
    "embed_dim": 64,
    "mlp_dim": 256
  },
  "training_config": {
    "base_learning_rate": 0.0003,
    "adjusted_learning_rate": 0.0003,
    "batch_size": 64,
    "lr_source": "batch_size_scaling",
    "lr_scaling_applied": true
  },
  "best_accuracy": 98.72,
  "best_epoch": 27,
  "final_accuracy": 98.72,
  "training_time": 478.1736810207367,
  "total_params": 155082,
  "trainable_params": 155082,
  "estimated_flops": 1726656,
  "parameter_efficiency": 636.5664616138558,
  "computational_efficiency": 57174.09837280848,
  "train_history": {
    "train_losses": [
      1.6426535291331155,
      0.9017287080666658,
      0.6212108932387854,
      0.4954982508442549,
      0.4141229473546878,
      0.36637300912981857,
      0.34131866947674294,
      0.3034025556973811,
      0.2751485748506431,
      0.24974674391133317,
      0.2379778393391353,
      0.2208519498906982,
      0.20853530548052238,
      0.19629045414017526,
      0.18671924239997542,
      0.18014892204992297,
      0.16673094504622063,
      0.16367879594717896,
      0.15342333115168663,
      0.15025105387139231,
      0.14140738134901884,
      0.1402531083145026,
      0.1342938025799721,
      0.12987280891699862,
      0.12780109345952648,
      0.12044358576860414,
      0.12171061783194986,
      0.11979552423323332,
      0.1231154749092501,
      0.11902785077313784
    ],
    "train_accs": [
      39.735,
      69.52333333333333,
      79.595,
      83.725,
      86.63833333333334,
      88.06166666666667,
      88.88666666666667,
      90.31333333333333,
      91.12833333333333,
      91.98,
      92.34,
      92.97666666666667,
      93.44,
      93.79166666666667,
      94.16166666666666,
      94.26166666666667,
      94.86666666666666,
      94.82666666666667,
      95.13,
      95.22666666666667,
      95.45333333333333,
      95.50833333333334,
      95.69833333333334,
      95.84333333333333,
      95.93833333333333,
      96.125,
      96.1,
      96.205,
      96.08833333333334,
      96.23166666666667
    ],
    "test_losses": [
      1.0516040807317018,
      0.3794893749580262,
      0.2698726240711607,
      0.21838149493619516,
      0.16163251827215883,
      0.1534420256710546,
      0.1329976028056851,
      0.12899827915332784,
      0.10837394925973313,
      0.10171765546984733,
      0.08175466773485776,
      0.08212778634231561,
      0.06908019241998506,
      0.07734963793461774,
      0.061894528288987415,
      0.06390171460688683,
      0.06076999338029344,
      0.060018020702798845,
      0.0534426293300263,
      0.05650354430760156,
      0.05617311819950356,
      0.04990532815012974,
      0.04692499334797868,
      0.04483442707839985,
      0.04397366760123616,
      0.04278523287851553,
      0.04267775609972145,
      0.04207768863153045,
      0.04205572508515754,
      0.04178176717098601
    ],
    "test_accs": [
      66.97,
      88.76,
      92.22,
      93.42,
      95.01,
      95.28,
      95.81,
      95.76,
      96.49,
      96.83,
      97.35,
      97.11,
      97.8,
      97.38,
      98.06,
      98.02,
      98.04,
      98.13,
      98.29,
      98.11,
      98.25,
      98.43,
      98.56,
      98.62,
      98.57,
      98.64,
      98.72,
      98.68,
      98.68,
      98.72
    ]
  }
}