{
  "experiment_name": "heads_ablation_num_heads_4",
  "group_name": "heads_ablation",
  "experiment_config": {
    "patch_size": 7,
    "num_layers": 6,
    "embed_dim": 64,
    "batch_size": 64,
    "dropout": 0.1,
    "num_heads": 4
  },
  "model_config": {
    "img_size": 28,
    "in_channels": 1,
    "num_classes": 10,
    "dropout": 0.1,
    "patch_size": 7,
    "num_layers": 6,
    "num_heads": 4,
    "embed_dim": 64,
    "mlp_dim": 256
  },
  "training_config": {
    "base_learning_rate": 0.0003,
    "adjusted_learning_rate": 0.0003,
    "batch_size": 64,
    "lr_source": "batch_size_scaling",
    "lr_scaling_applied": true
  },
  "best_accuracy": 98.9,
  "best_epoch": 23,
  "final_accuracy": 98.87,
  "training_time": 530.6417472362518,
  "total_params": 305034,
  "trainable_params": 305034,
  "estimated_flops": 3453312,
  "parameter_efficiency": 324.2261518388114,
  "computational_efficiency": 28639.173060528563,
  "train_history": {
    "train_losses": [
      1.7552122398734347,
      0.993216410279274,
      0.582954832342769,
      0.43901658739680166,
      0.35812059255328765,
      0.3151591546626996,
      0.2778711840232362,
      0.24913833613620637,
      0.2299506753635432,
      0.20799698328762167,
      0.19159700914915564,
      0.17751371813838734,
      0.1655161891843496,
      0.15446194902713747,
      0.14827425913936865,
      0.13743221638813566,
      0.12999930919042782,
      0.12484724449216207,
      0.11992498224319172,
      0.11660252230813795,
      0.10856053877625861,
      0.10749620761372831,
      0.10315174724001175,
      0.09890235881748072,
      0.0953111945272191,
      0.0938123378700126,
      0.09089149778404994,
      0.08924863619733849
    ],
    "train_accs": [
      34.141666666666666,
      65.45,
      81.11166666666666,
      85.90166666666667,
      88.45166666666667,
      89.97,
      91.14,
      92.11,
      92.72333333333333,
      93.44666666666667,
      93.85,
      94.41166666666666,
      94.8,
      95.04333333333334,
      95.35,
      95.63833333333334,
      95.85,
      96.02833333333334,
      96.13166666666666,
      96.28833333333333,
      96.53833333333333,
      96.53833333333333,
      96.78166666666667,
      96.87,
      96.99666666666667,
      97.0,
      97.08,
      97.20333333333333
    ],
    "test_losses": [
      1.1706796865554372,
      0.39121567975183963,
      0.26736149184737995,
      0.17618057429553216,
      0.14936529529417397,
      0.13058670895221602,
      0.1088392577033229,
      0.09325288254530377,
      0.07790645998961938,
      0.07520374066231975,
      0.06740935546624813,
      0.06846853448107697,
      0.06037976931421691,
      0.05303282812563999,
      0.05281732965314132,
      0.05550955733429688,
      0.04723123839839842,
      0.04651800525570466,
      0.043688626119430966,
      0.04132024042017663,
      0.03830867203524941,
      0.03708377062783511,
      0.03643808076247146,
      0.03581623963316143,
      0.0344986998356336,
      0.03517965511396634,
      0.03443083572713065,
      0.03385780107731943
    ],
    "test_accs": [
      57.34,
      88.68,
      92.17,
      94.58,
      95.22,
      95.77,
      96.48,
      97.04,
      97.6,
      97.61,
      97.87,
      97.79,
      97.97,
      98.21,
      98.3,
      98.25,
      98.49,
      98.56,
      98.52,
      98.67,
      98.77,
      98.83,
      98.9,
      98.83,
      98.9,
      98.82,
      98.86,
      98.87
    ]
  }
}