{
  "experiment_name": "patch_size_ablation_patch_size_4",
  "group_name": "patch_size_ablation",
  "experiment_config": {
    "num_layers": 6,
    "num_heads": 4,
    "embed_dim": 64,
    "batch_size": 64,
    "dropout": 0.1,
    "patch_size": 4
  },
  "model_config": {
    "img_size": 28,
    "in_channels": 1,
    "num_classes": 10,
    "dropout": 0.1,
    "patch_size": 4,
    "num_layers": 6,
    "num_heads": 4,
    "embed_dim": 64,
    "mlp_dim": 256
  },
  "training_config": {
    "base_learning_rate": 0.0003,
    "adjusted_learning_rate": 0.0003,
    "batch_size": 64,
    "lr_source": "batch_size_scaling",
    "lr_scaling_applied": true
  },
  "best_accuracy": 99.03,
  "best_epoch": 30,
  "final_accuracy": 99.03,
  "training_time": 589.1916832923889,
  "total_params": 305034,
  "trainable_params": 305034,
  "estimated_flops": 10790400,
  "parameter_efficiency": 324.6523338381951,
  "computational_efficiency": 9177.60231316726,
  "train_history": {
    "train_losses": [
      1.7708458988142928,
      1.1075459924588071,
      0.7131267849570398,
      0.47875412791840305,
      0.37316581656906145,
      0.3079175261228578,
      0.25790083317804946,
      0.22827409952084646,
      0.2012647838016023,
      0.1742391676715474,
      0.16264981635486775,
      0.14794656025495992,
      0.1382898652175469,
      0.1277878686759883,
      0.1186536661833763,
      0.11308747457304616,
      0.10393890133524723,
      0.10032943220062455,
      0.09415271733281837,
      0.08662869869969658,
      0.08617373635825604,
      0.07978853573357421,
      0.07910522638680116,
      0.07385185544790109,
      0.07187823665046346,
      0.06708362762297966,
      0.06597326275806176,
      0.06631731325964024,
      0.06704386961740702,
      0.06417227289609627
    ],
    "train_accs": [
      31.851666666666667,
      60.40833333333333,
      75.89,
      84.565,
      88.09666666666666,
      90.365,
      91.70166666666667,
      92.74333333333334,
      93.66166666666666,
      94.565,
      94.82333333333334,
      95.32333333333334,
      95.66666666666667,
      96.00666666666666,
      96.265,
      96.415,
      96.60666666666667,
      96.885,
      97.005,
      97.235,
      97.25333333333333,
      97.405,
      97.41833333333334,
      97.60333333333334,
      97.6,
      97.88,
      97.87833333333333,
      97.885,
      97.82666666666667,
      97.89666666666666
    ],
    "test_losses": [
      1.219531189104554,
      0.6469060395173966,
      0.2997870366000066,
      0.2240460560817248,
      0.18443354178860688,
      0.12738729543556834,
      0.1583549836502191,
      0.08643662363326379,
      0.08596947535302989,
      0.07384481870385397,
      0.062612463622265,
      0.0637907986262232,
      0.060566546605265205,
      0.054526806955824896,
      0.05616510362930857,
      0.04391900073235653,
      0.04039331677793911,
      0.03954522542404841,
      0.04017236020718553,
      0.04089504405396403,
      0.036319627016515824,
      0.03250340800187373,
      0.033504826335753995,
      0.029977738620916523,
      0.032870542077839994,
      0.03019134586570921,
      0.030919119606875656,
      0.029827363833571506,
      0.029475038393273072,
      0.02898373132980144
    ],
    "test_accs": [
      55.08,
      79.78,
      91.57,
      93.2,
      94.37,
      95.99,
      95.11,
      97.29,
      97.32,
      97.82,
      97.86,
      98.01,
      98.03,
      98.17,
      98.23,
      98.61,
      98.67,
      98.69,
      98.67,
      98.68,
      98.81,
      98.88,
      98.91,
      98.97,
      98.89,
      98.97,
      99.01,
      98.95,
      98.98,
      99.03
    ]
  }
}