{
  "experiment_name": "orthogonal_design_9",
  "group_name": "orthogonal_design",
  "experiment_config": {
    "patch_size": 14,
    "num_layers": 9,
    "num_heads": 4,
    "embed_dim": 32,
    "batch_size": 64,
    "learning_rate": 0.0003,
    "dropout": 0.15
  },
  "model_config": {
    "img_size": 28,
    "in_channels": 1,
    "num_classes": 10,
    "dropout": 0.15,
    "patch_size": 14,
    "num_layers": 9,
    "num_heads": 4,
    "embed_dim": 32,
    "mlp_dim": 128
  },
  "training_config": {
    "base_learning_rate": 0.0003,
    "adjusted_learning_rate": 0.0003,
    "batch_size": 64,
    "lr_source": "experiment_config",
    "lr_scaling_applied": false
  },
  "best_accuracy": 98.1,
  "best_epoch": 23,
  "final_accuracy": 98.02,
  "training_time": 595.5283014774323,
  "total_params": 121226,
  "trainable_params": 121226,
  "estimated_flops": 375840,
  "parameter_efficiency": 809.2323428967383,
  "computational_efficiency": 261015.32567049807,
  "train_history": {
    "train_losses": [
      1.3540222439557505,
      0.708572179905133,
      0.5476683255896639,
      0.4602466801336325,
      0.4131530098664735,
      0.37964053126349884,
      0.3520804044883897,
      0.3361884981854511,
      0.31413189376563405,
      0.30008119135809097,
      0.28691152047945745,
      0.2801661578886735,
      0.2632206838601815,
      0.2594642055187144,
      0.25483726009106966,
      0.24735800803962674,
      0.2376679134195738,
      0.23372439513487347,
      0.22760328279136977,
      0.21876915557774654,
      0.21403938894078675,
      0.2127962332389661,
      0.2084461095403316,
      0.20952403238182193,
      0.20454686150344006,
      0.20784552525212643,
      0.20329517691231358,
      0.20108368119864323
    ],
    "train_accs": [
      57.53,
      78.12,
      83.025,
      85.55833333333334,
      87.22,
      88.18166666666667,
      88.935,
      89.47,
      90.24666666666667,
      90.49333333333334,
      90.99166666666666,
      91.18833333333333,
      91.63166666666666,
      91.74166666666666,
      91.98666666666666,
      92.165,
      92.49833333333333,
      92.62833333333333,
      92.90166666666667,
      93.00833333333334,
      93.13666666666667,
      93.175,
      93.385,
      93.42166666666667,
      93.56,
      93.415,
      93.54666666666667,
      93.585
    ],
    "test_losses": [
      0.4938405929667175,
      0.2589690158985982,
      0.19453123579644094,
      0.16753944739177348,
      0.14439048494692822,
      0.12894926933203912,
      0.11632627343675893,
      0.1170664566693602,
      0.10143368989881721,
      0.10327956680457588,
      0.09731020526011373,
      0.08583458128331858,
      0.08763284199710959,
      0.07951320047864015,
      0.08187907571150999,
      0.07262006775582815,
      0.07136423152628218,
      0.0692230858380319,
      0.07025420064385388,
      0.06795460998027283,
      0.06690007060985703,
      0.06286510234775769,
      0.061013974844045034,
      0.06126347635309123,
      0.06069357513159419,
      0.062346422238049995,
      0.06100299862765108,
      0.06087089317055882
    ],
    "test_accs": [
      87.67,
      93.38,
      94.96,
      95.17,
      95.71,
      96.19,
      96.46,
      96.34,
      97.03,
      96.92,
      97.11,
      97.45,
      97.27,
      97.64,
      97.31,
      97.78,
      97.72,
      97.93,
      97.79,
      97.74,
      97.78,
      97.99,
      98.1,
      97.93,
      98.09,
      97.9,
      98.0,
      98.02
    ]
  }
}