{
  "experiment_name": "embed_dim_ablation_embed_dim_32",
  "group_name": "embed_dim_ablation",
  "experiment_config": {
    "patch_size": 7,
    "num_layers": 6,
    "num_heads": 4,
    "batch_size": 64,
    "dropout": 0.1,
    "embed_dim": 32
  },
  "model_config": {
    "img_size": 28,
    "in_channels": 1,
    "num_classes": 10,
    "dropout": 0.1,
    "patch_size": 7,
    "num_layers": 6,
    "num_heads": 4,
    "embed_dim": 32,
    "mlp_dim": 128
  },
  "training_config": {
    "base_learning_rate": 0.0003,
    "adjusted_learning_rate": 0.0003,
    "batch_size": 64,
    "lr_source": "batch_size_scaling",
    "lr_scaling_applied": true
  },
  "best_accuracy": 97.65,
  "best_epoch": 27,
  "final_accuracy": 97.62,
  "training_time": 563.9254958629608,
  "total_params": 78794,
  "trainable_params": 78794,
  "estimated_flops": 891072,
  "parameter_efficiency": 1239.3075614894535,
  "computational_efficiency": 109587.1040723982,
  "train_history": {
    "train_losses": [
      1.8809737749953768,
      1.3514854623310602,
      0.8859246677554238,
      0.6936078036962542,
      0.5894151059930512,
      0.5177438357777433,
      0.47275195887157406,
      0.4309227230198094,
      0.3966056888085057,
      0.3736174005959461,
      0.34979643763255464,
      0.33241987526257916,
      0.32023949532716006,
      0.30608434469174983,
      0.28665458857377707,
      0.28245431587481296,
      0.2698426783037211,
      0.2614570362950121,
      0.2550961978610422,
      0.2475789420838867,
      0.23868372810007668,
      0.23605298288643106,
      0.23347466803594694,
      0.22905563876858906,
      0.22184336956328293,
      0.22073075728518748,
      0.21856527193300507,
      0.2155929607635082,
      0.21647395256326904,
      0.2140086550297323
    ],
    "train_accs": [
      29.265,
      51.31666666666667,
      70.66166666666666,
      77.33666666666667,
      80.57333333333334,
      83.04833333333333,
      84.81833333333333,
      86.14666666666666,
      87.315,
      87.87333333333333,
      88.68833333333333,
      89.43333333333334,
      89.72333333333333,
      90.18833333333333,
      90.77166666666666,
      91.06333333333333,
      91.365,
      91.56666666666666,
      91.86833333333334,
      92.08333333333333,
      92.49666666666667,
      92.50333333333333,
      92.61,
      92.77,
      92.955,
      93.10166666666667,
      93.03,
      93.11166666666666,
      93.08666666666667,
      93.21666666666667
    ],
    "test_losses": [
      1.6175661777994434,
      0.832148917161735,
      0.4454563112015937,
      0.31438395860278684,
      0.2556836620020639,
      0.21889159339628403,
      0.20539704125350827,
      0.17667110717505408,
      0.16136355658957532,
      0.1476148712941131,
      0.13807652252993197,
      0.12091340437223008,
      0.12106045198205645,
      0.11135540153107541,
      0.11173698839666263,
      0.11618715280868636,
      0.0978872568945691,
      0.10498985543752172,
      0.09406026146985638,
      0.09062355858196688,
      0.08916911229514962,
      0.08413502806797624,
      0.08276082842409088,
      0.08178589766649351,
      0.08261196867408599,
      0.07784277061000466,
      0.0782763409105005,
      0.07692589953239225,
      0.07781039481199566,
      0.07765009238793971
    ],
    "test_accs": [
      37.07,
      72.69,
      85.73,
      91.26,
      92.34,
      93.37,
      93.85,
      94.64,
      95.31,
      95.53,
      95.79,
      96.28,
      96.22,
      96.66,
      96.35,
      96.39,
      96.99,
      96.66,
      96.9,
      97.17,
      97.21,
      97.44,
      97.41,
      97.45,
      97.44,
      97.57,
      97.65,
      97.57,
      97.63,
      97.62
    ]
  }
}