{
  "experiment_name": "baseline",
  "group_name": "baseline",
  "experiment_config": {
    "name": "baseline",
    "patch_size": 7,
    "num_layers": 6,
    "num_heads": 4,
    "embed_dim": 64,
    "batch_size": 64,
    "dropout": 0.1
  },
  "model_config": {
    "img_size": 28,
    "in_channels": 1,
    "num_classes": 10,
    "dropout": 0.1,
    "patch_size": 7,
    "num_layers": 6,
    "num_heads": 4,
    "embed_dim": 64,
    "mlp_dim": 256
  },
  "training_config": {
    "base_learning_rate": 0.0003,
    "adjusted_learning_rate": 0.0003,
    "batch_size": 64,
    "lr_source": "batch_size_scaling",
    "lr_scaling_applied": true
  },
  "best_accuracy": 98.86,
  "best_epoch": 30,
  "final_accuracy": 98.86,
  "training_time": 582.1665654182434,
  "total_params": 305034,
  "trainable_params": 305034,
  "estimated_flops": 3453312,
  "parameter_efficiency": 324.09501891592413,
  "computational_efficiency": 28627.58997738982,
  "train_history": {
    "train_losses": [
      1.7320252951782649,
      0.9281898659111848,
      0.5731434589827747,
      0.4464600796797382,
      0.368992683157992,
      0.32235798357265083,
      0.2891420569421767,
      0.26416418560818317,
      0.23817458585984924,
      0.21924010560567828,
      0.2037305468514657,
      0.1884641738286786,
      0.17844265198577314,
      0.16843797858439083,
      0.15614840970523575,
      0.14782442393373135,
      0.14398101853258383,
      0.1353124581448146,
      0.12925692708261294,
      0.12304747799661622,
      0.11975119470148039,
      0.11576407870003727,
      0.11067222355098438,
      0.10581945809625042,
      0.1053624759211755,
      0.10181072008595474,
      0.10074683678185524,
      0.09777912167983173,
      0.09924226397894688,
      0.09766110725430792
    ],
    "train_accs": [
      35.11,
      68.41,
      81.32333333333334,
      85.685,
      88.23333333333333,
      89.835,
      90.81166666666667,
      91.62833333333333,
      92.45,
      92.99666666666667,
      93.455,
      94.10666666666667,
      94.30166666666666,
      94.63166666666666,
      95.04333333333334,
      95.33833333333334,
      95.47,
      95.695,
      95.88,
      96.05333333333333,
      96.125,
      96.3,
      96.42833333333333,
      96.61166666666666,
      96.65,
      96.78666666666666,
      96.78166666666667,
      96.87666666666667,
      96.84,
      96.89833333333333
    ],
    "test_losses": [
      1.2335185837593807,
      0.36304369791867624,
      0.2678848252080049,
      0.21625196656129161,
      0.16050519438306238,
      0.12378036351221952,
      0.11219035225748351,
      0.11423719698669994,
      0.09593674385101553,
      0.08031226196593255,
      0.0764893109311059,
      0.08221869532072287,
      0.06608212880633035,
      0.06077462036583786,
      0.05995512788575499,
      0.05135697064844144,
      0.05686105801620087,
      0.048039009264421166,
      0.045239464628990665,
      0.04484184794528351,
      0.04269268149606421,
      0.039621055922189216,
      0.03925086451904955,
      0.03603474399042286,
      0.03994252334740369,
      0.03616612088558068,
      0.03515842988320395,
      0.03510631129233119,
      0.034719108906426245,
      0.034825871250507644
    ],
    "test_accs": [
      54.29,
      89.75,
      92.09,
      93.53,
      94.88,
      96.3,
      96.31,
      96.2,
      96.9,
      97.38,
      97.44,
      97.28,
      97.8,
      98.06,
      97.94,
      98.28,
      98.33,
      98.38,
      98.53,
      98.57,
      98.61,
      98.69,
      98.66,
      98.79,
      98.56,
      98.75,
      98.76,
      98.81,
      98.82,
      98.86
    ]
  }
}