{
  "experiment_name": "learning_rate_ablation_learning_rate_0.0003",
  "group_name": "learning_rate_ablation",
  "experiment_config": {
    "patch_size": 7,
    "num_layers": 6,
    "num_heads": 4,
    "embed_dim": 64,
    "batch_size": 64,
    "dropout": 0.1,
    "learning_rate": 0.0003
  },
  "model_config": {
    "img_size": 28,
    "in_channels": 1,
    "num_classes": 10,
    "dropout": 0.1,
    "patch_size": 7,
    "num_layers": 6,
    "num_heads": 4,
    "embed_dim": 64,
    "mlp_dim": 256
  },
  "training_config": {
    "base_learning_rate": 0.0003,
    "adjusted_learning_rate": 0.0003,
    "batch_size": 64,
    "lr_source": "experiment_config",
    "lr_scaling_applied": false
  },
  "best_accuracy": 98.81,
  "best_epoch": 26,
  "final_accuracy": 98.81,
  "training_time": 565.8894474506378,
  "total_params": 305034,
  "trainable_params": 305034,
  "estimated_flops": 3453312,
  "parameter_efficiency": 323.93110276231505,
  "computational_efficiency": 28613.111123466402,
  "train_history": {
    "train_losses": [
      1.7006565940532603,
      0.8832989867244448,
      0.5657415539979427,
      0.42352183877246213,
      0.35478915439358655,
      0.31038045536861747,
      0.2746235982282584,
      0.24706184130503553,
      0.21850568519980668,
      0.204353805206446,
      0.19122903933053587,
      0.17520106069719804,
      0.15971380717424885,
      0.155889387200795,
      0.14440540562588364,
      0.1357162861959703,
      0.12948147018255393,
      0.119041413949457,
      0.1166581933670588,
      0.11227440372454936,
      0.10642290403689149,
      0.10636007929268454,
      0.0992397392587637,
      0.09608628425195115,
      0.09187294761372257,
      0.09081944783450539,
      0.08905289200410596,
      0.08844669374164695,
      0.08607735473916793,
      0.08690789982732107
    ],
    "train_accs": [
      37.21,
      70.39833333333333,
      81.66166666666666,
      86.56666666666666,
      88.705,
      90.155,
      91.285,
      92.025,
      93.07666666666667,
      93.54,
      93.93833333333333,
      94.44666666666667,
      94.91333333333333,
      95.1,
      95.43833333333333,
      95.71,
      95.95833333333333,
      96.28166666666667,
      96.33833333333334,
      96.49333333333334,
      96.66,
      96.55333333333333,
      96.83666666666667,
      97.00833333333334,
      97.08666666666667,
      97.14166666666667,
      97.155,
      97.16,
      97.21166666666667,
      97.26166666666667
    ],
    "test_losses": [
      0.9735797298182348,
      0.3278016943460817,
      0.23937424701774956,
      0.1784666670593107,
      0.1508397038456551,
      0.14637908008495334,
      0.10054907031879304,
      0.11233586868994934,
      0.08985887637367816,
      0.08634561910976175,
      0.07097388261033424,
      0.068283920329076,
      0.061228238139598136,
      0.0603046721777327,
      0.0615390440194043,
      0.04973715896626258,
      0.050173243388361564,
      0.04478329307307744,
      0.04328353491731902,
      0.04037149833436687,
      0.04478272603258229,
      0.03884036675359532,
      0.036458196796945466,
      0.03721335340902257,
      0.03681752495215553,
      0.033419260399632604,
      0.03316450344026385,
      0.03223984873246336,
      0.032573970631068976,
      0.03215570376417006
    ],
    "test_accs": [
      67.14,
      91.09,
      92.68,
      94.64,
      95.22,
      95.49,
      96.89,
      96.29,
      97.13,
      97.25,
      97.96,
      97.91,
      98.0,
      98.05,
      98.02,
      98.36,
      98.37,
      98.51,
      98.51,
      98.67,
      98.45,
      98.75,
      98.6,
      98.71,
      98.68,
      98.81,
      98.76,
      98.8,
      98.79,
      98.81
    ]
  }
}