{
  "experiment_name": "heads_ablation_num_heads_2",
  "group_name": "heads_ablation",
  "experiment_config": {
    "patch_size": 7,
    "num_layers": 6,
    "embed_dim": 64,
    "batch_size": 64,
    "dropout": 0.1,
    "num_heads": 2
  },
  "model_config": {
    "img_size": 28,
    "in_channels": 1,
    "num_classes": 10,
    "dropout": 0.1,
    "patch_size": 7,
    "num_layers": 6,
    "num_heads": 2,
    "embed_dim": 64,
    "mlp_dim": 256
  },
  "training_config": {
    "base_learning_rate": 0.0003,
    "adjusted_learning_rate": 0.0003,
    "batch_size": 64,
    "lr_source": "batch_size_scaling",
    "lr_scaling_applied": true
  },
  "best_accuracy": 98.74,
  "best_epoch": 28,
  "final_accuracy": 98.72,
  "training_time": 566.6433539390564,
  "total_params": 305034,
  "trainable_params": 305034,
  "estimated_flops": 3453312,
  "parameter_efficiency": 323.70162014726225,
  "computational_efficiency": 28592.84072797361,
  "train_history": {
    "train_losses": [
      1.7200162964843229,
      0.9336456388616359,
      0.5975547300568268,
      0.4634105895342095,
      0.39145916153087035,
      0.34488965817161205,
      0.3136267407076445,
      0.2829018953933454,
      0.2647185944505274,
      0.23933017134729986,
      0.21742426649705052,
      0.2064299264203892,
      0.1908355880496916,
      0.18214882688640532,
      0.1716141482985922,
      0.16061441034380433,
      0.15553565603941044,
      0.1484772646184097,
      0.14062263158314836,
      0.13170151660409468,
      0.12514146443690732,
      0.12394939051436654,
      0.11915957025075549,
      0.115171195840888,
      0.11048166654201777,
      0.10785685759137022,
      0.10749788592948811,
      0.10548050605308718,
      0.10475648438700957,
      0.10240668655017704
    ],
    "train_accs": [
      35.55833333333333,
      68.45166666666667,
      80.52333333333333,
      85.01166666666667,
      87.22,
      88.82333333333334,
      90.015,
      90.95,
      91.65166666666667,
      92.28,
      93.06166666666667,
      93.55,
      93.98666666666666,
      94.22,
      94.61,
      94.89166666666667,
      95.09333333333333,
      95.295,
      95.50333333333333,
      95.85333333333334,
      96.06333333333333,
      96.05666666666667,
      96.24833333333333,
      96.365,
      96.605,
      96.59833333333333,
      96.58166666666666,
      96.64,
      96.67333333333333,
      96.80666666666667
    ],
    "test_losses": [
      1.0616271548969731,
      0.3954409546438296,
      0.22705555394007143,
      0.18086177301682105,
      0.19973894779920387,
      0.1468597898247895,
      0.11836256260040459,
      0.10873690535533864,
      0.11168585347225236,
      0.10009350503385542,
      0.07566316399996163,
      0.0785993207928244,
      0.07440455736159376,
      0.06538663895216408,
      0.0649935717918394,
      0.06285554982253179,
      0.0568373735102819,
      0.05313517209246257,
      0.054331328969739474,
      0.04743292279968596,
      0.04597495393204699,
      0.047448014212804875,
      0.04351636707400132,
      0.041819820828976076,
      0.04265321284913677,
      0.040044625345350596,
      0.03926466551986019,
      0.03879081649641999,
      0.03855988294758187,
      0.03859506369342992
    ],
    "test_accs": [
      63.86,
      88.89,
      93.22,
      94.27,
      93.85,
      95.35,
      96.21,
      96.33,
      96.55,
      96.75,
      97.52,
      97.47,
      97.47,
      97.87,
      97.82,
      98.02,
      98.11,
      98.21,
      98.18,
      98.41,
      98.5,
      98.48,
      98.49,
      98.48,
      98.48,
      98.68,
      98.72,
      98.74,
      98.72,
      98.72
    ]
  }
}