{
  "experiment_name": "depth_ablation_num_layers_9",
  "group_name": "depth_ablation",
  "experiment_config": {
    "patch_size": 7,
    "num_heads": 4,
    "embed_dim": 64,
    "batch_size": 64,
    "dropout": 0.1,
    "num_layers": 9
  },
  "model_config": {
    "img_size": 28,
    "in_channels": 1,
    "num_classes": 10,
    "dropout": 0.1,
    "patch_size": 7,
    "num_layers": 9,
    "num_heads": 4,
    "embed_dim": 64,
    "mlp_dim": 256
  },
  "training_config": {
    "base_learning_rate": 0.0003,
    "adjusted_learning_rate": 0.0003,
    "batch_size": 64,
    "lr_source": "batch_size_scaling",
    "lr_scaling_applied": true
  },
  "best_accuracy": 99.01,
  "best_epoch": 29,
  "final_accuracy": 99.0,
  "training_time": 649.653261423111,
  "total_params": 454986,
  "trainable_params": 454986,
  "estimated_flops": 5179968,
  "parameter_efficiency": 217.6110913302827,
  "computational_efficiency": 19114.017692773396,
  "train_history": {
    "train_losses": [
      1.7981009568486894,
      1.0950949199672446,
      0.6435320296013025,
      0.4668491427133332,
      0.38140276287283215,
      0.32375708256544333,
      0.2811039132850447,
      0.24992415240642105,
      0.22247697174676193,
      0.20699804491286022,
      0.18773529251247073,
      0.17580825008992065,
      0.16117730946230419,
      0.15563777167953727,
      0.1454403588979213,
      0.13614974412391942,
      0.12684429388866622,
      0.1257214027174961,
      0.11413792910765229,
      0.11301298505628604,
      0.1072606981825282,
      0.10052346251209948,
      0.09667142363352531,
      0.09899100267203219,
      0.09028917477666729,
      0.09146886682813006,
      0.08744404363487639,
      0.0865692849065473,
      0.08316047308566386,
      0.08383765430854899
    ],
    "train_accs": [
      32.05833333333333,
      61.095,
      79.01833333333333,
      84.845,
      87.99166666666666,
      89.66666666666667,
      91.17,
      92.06833333333333,
      93.00333333333333,
      93.51333333333334,
      94.02333333333333,
      94.44333333333333,
      94.935,
      95.10333333333334,
      95.415,
      95.74666666666667,
      96.00833333333334,
      95.95166666666667,
      96.46,
      96.41666666666667,
      96.58333333333333,
      96.80333333333333,
      96.91333333333333,
      96.785,
      97.07666666666667,
      97.12666666666667,
      97.265,
      97.25,
      97.37333333333333,
      97.33833333333334
    ],
    "test_losses": [
      1.3435108168109966,
      0.5578559108410671,
      0.2562065547106752,
      0.20298541408435555,
      0.18108605831908953,
      0.13323013883700985,
      0.10441476948393189,
      0.08863106085533265,
      0.09282480699312724,
      0.07474620071399933,
      0.07499662305637719,
      0.06392599516592706,
      0.05629894781003522,
      0.05632835136842172,
      0.0553309316442876,
      0.05278603106686715,
      0.05331293410906319,
      0.04567323701313821,
      0.04386581510459636,
      0.039931592963425334,
      0.03911437683740251,
      0.0389287252354311,
      0.036630582537466455,
      0.03721834323257742,
      0.035406430453213324,
      0.03350560944697932,
      0.03340034209826522,
      0.03394853213659612,
      0.0326930937263818,
      0.0326362800473721
    ],
    "test_accs": [
      51.24,
      82.82,
      92.51,
      93.58,
      94.35,
      95.74,
      96.79,
      97.23,
      97.06,
      97.47,
      97.69,
      98.0,
      98.15,
      98.27,
      98.16,
      98.37,
      98.27,
      98.6,
      98.52,
      98.76,
      98.74,
      98.81,
      98.71,
      98.69,
      98.87,
      98.87,
      98.95,
      98.94,
      99.01,
      99.0
    ]
  }
}