{
  "experiment_name": "minimal_model",
  "group_name": "extreme_configs",
  "experiment_config": {
    "name": "minimal_model",
    "patch_size": 14,
    "num_layers": 3,
    "num_heads": 2,
    "embed_dim": 32,
    "batch_size": 256,
    "dropout": 0.1
  },
  "model_config": {
    "img_size": 28,
    "in_channels": 1,
    "num_classes": 10,
    "dropout": 0.1,
    "patch_size": 14,
    "num_layers": 3,
    "num_heads": 2,
    "embed_dim": 32,
    "mlp_dim": 128
  },
  "training_config": {
    "base_learning_rate": 0.0003,
    "adjusted_learning_rate": 0.0006,
    "batch_size": 256,
    "lr_source": "batch_size_scaling",
    "lr_scaling_applied": true
  },
  "best_accuracy": 97.42,
  "best_epoch": 26,
  "final_accuracy": 97.39,
  "training_time": 358.8531901836395,
  "total_params": 45002,
  "trainable_params": 45002,
  "estimated_flops": 125280,
  "parameter_efficiency": 2164.7926758810722,
  "computational_efficiency": 777618.1353767561,
  "train_history": {
    "train_losses": [
      1.5444302021188938,
      0.9498065656804023,
      0.721512046773383,
      0.614364906447999,
      0.5512777544082479,
      0.5053503477827032,
      0.47112420378847325,
      0.4445744888579592,
      0.42707099813096067,
      0.4037484273631522,
      0.38667942336265076,
      0.3755089811188109,
      0.3556411471138609,
      0.34648212670011724,
      0.3381871771939257,
      0.3242487130012918,
      0.31807186001158777,
      0.31514195045258137,
      0.3071955074655249,
      0.2991260512078062,
      0.2932294115741202,
      0.28640538435033025,
      0.2859054060692483,
      0.2853798575857852,
      0.27555426384540316,
      0.27916275193082524,
      0.27646591853588187,
      0.2770228735309966,
      0.2747572198193124,
      0.2712251766564998
    ],
    "train_accs": [
      51.916666666666664,
      70.185,
      77.455,
      80.655,
      82.72166666666666,
      84.075,
      84.91,
      85.955,
      86.29333333333334,
      87.135,
      87.64166666666667,
      88.12333333333333,
      88.64166666666667,
      89.00166666666667,
      89.15,
      89.71166666666667,
      89.88666666666667,
      89.99833333333333,
      90.28166666666667,
      90.61,
      90.725,
      90.805,
      90.90333333333334,
      90.94666666666667,
      91.25666666666666,
      91.125,
      91.23,
      91.225,
      91.25333333333333,
      91.28333333333333
    ],
    "test_losses": [
      0.7656537622213364,
      0.40352297611534593,
      0.26890479642897847,
      0.2262054666876793,
      0.19302990837022663,
      0.1765986911021173,
      0.1578287768177688,
      0.154315382335335,
      0.13723745783790947,
      0.12939401832409203,
      0.1217984865885228,
      0.11933653159067034,
      0.1089207723736763,
      0.10695239915512503,
      0.10396348373033107,
      0.09980687012430281,
      0.09720911958720535,
      0.09253349974751472,
      0.09187117328401655,
      0.08534679996082559,
      0.08427820517681539,
      0.08381103246938437,
      0.08596696122549474,
      0.08288397005526349,
      0.0809657146804966,
      0.07927679748972878,
      0.0786316461279057,
      0.07936909450218081,
      0.07836881461553276,
      0.07834237442584709
    ],
    "test_accs": [
      82.11,
      90.51,
      93.14,
      93.87,
      94.73,
      95.03,
      95.45,
      95.48,
      95.99,
      95.96,
      96.27,
      96.36,
      96.42,
      96.62,
      96.82,
      96.82,
      96.87,
      97.02,
      97.09,
      97.25,
      97.18,
      97.33,
      97.31,
      97.27,
      97.31,
      97.42,
      97.39,
      97.33,
      97.41,
      97.39
    ]
  }
}