{
  "experiment_name": "embed_dim_ablation_embed_dim_64",
  "group_name": "embed_dim_ablation",
  "experiment_config": {
    "patch_size": 7,
    "num_layers": 6,
    "num_heads": 4,
    "batch_size": 64,
    "dropout": 0.1,
    "embed_dim": 64
  },
  "model_config": {
    "img_size": 28,
    "in_channels": 1,
    "num_classes": 10,
    "dropout": 0.1,
    "patch_size": 7,
    "num_layers": 6,
    "num_heads": 4,
    "embed_dim": 64,
    "mlp_dim": 256
  },
  "training_config": {
    "base_learning_rate": 0.0003,
    "adjusted_learning_rate": 0.0003,
    "batch_size": 64,
    "lr_source": "batch_size_scaling",
    "lr_scaling_applied": true
  },
  "best_accuracy": 98.92,
  "best_epoch": 25,
  "final_accuracy": 98.86,
  "training_time": 569.9601943492889,
  "total_params": 305034,
  "trainable_params": 305034,
  "estimated_flops": 3453312,
  "parameter_efficiency": 324.291718300255,
  "computational_efficiency": 28644.96460209793,
  "train_history": {
    "train_losses": [
      1.7145252345975783,
      0.9821179072612892,
      0.5932782966572084,
      0.4431099369009929,
      0.364563544707766,
      0.31603461677141026,
      0.2739704531003862,
      0.24847310386709312,
      0.22207017752057961,
      0.20418880543093693,
      0.1857140877170921,
      0.1737457046817456,
      0.1625210981943142,
      0.1501400502942709,
      0.14284792270408128,
      0.13796744579131573,
      0.13014863239231902,
      0.12249347436597258,
      0.11566539003408507,
      0.11358218732625563,
      0.10553574681119211,
      0.10310436625367225,
      0.09756420253873316,
      0.09750492691145793,
      0.09307290205428166,
      0.08956518857928514,
      0.09025547011936111,
      0.08995876261152264,
      0.08812768322113813,
      0.09060357562971236
    ],
    "train_accs": [
      36.35333333333333,
      66.255,
      80.71666666666667,
      85.835,
      88.41666666666667,
      89.90666666666667,
      91.37,
      92.15,
      92.93333333333334,
      93.54833333333333,
      94.08666666666667,
      94.385,
      94.855,
      95.205,
      95.495,
      95.685,
      95.85833333333333,
      96.13166666666666,
      96.32833333333333,
      96.44166666666666,
      96.53666666666666,
      96.71333333333334,
      96.88333333333334,
      96.95833333333333,
      97.04166666666667,
      97.22166666666666,
      97.145,
      97.15666666666667,
      97.2,
      97.07833333333333
    ],
    "test_losses": [
      1.0862700327946122,
      0.4254041751668711,
      0.23949089005684396,
      0.16374176855726985,
      0.1453109547424658,
      0.14196005791046057,
      0.09956798060636991,
      0.09521964290268292,
      0.0822385549589778,
      0.07833363820952927,
      0.07557397916213057,
      0.06831163667278826,
      0.06275264168184867,
      0.05595711324286831,
      0.0509794187008338,
      0.05101072921930771,
      0.04715707197720126,
      0.046009658568888716,
      0.0395567251134302,
      0.04060086374323827,
      0.03714538870229546,
      0.03445868495893279,
      0.03425471680528028,
      0.03522584484749219,
      0.03336498430695765,
      0.03324714885389871,
      0.03226473582070617,
      0.031602209855084586,
      0.03154916277935337,
      0.0315038127250744
    ],
    "test_accs": [
      64.3,
      88.13,
      92.86,
      95.11,
      95.67,
      95.65,
      96.88,
      96.97,
      97.46,
      97.55,
      97.62,
      97.8,
      97.94,
      98.02,
      98.37,
      98.35,
      98.42,
      98.5,
      98.62,
      98.63,
      98.78,
      98.88,
      98.81,
      98.83,
      98.92,
      98.84,
      98.88,
      98.91,
      98.88,
      98.86
    ]
  }
}