{
  "experiment_name": "parameter_efficient",
  "group_name": "efficiency_focused",
  "experiment_config": {
    "name": "parameter_efficient",
    "patch_size": 7,
    "num_layers": 6,
    "num_heads": 2,
    "embed_dim": 32,
    "batch_size": 256,
    "dropout": 0.1
  },
  "model_config": {
    "img_size": 28,
    "in_channels": 1,
    "num_classes": 10,
    "dropout": 0.1,
    "patch_size": 7,
    "num_layers": 6,
    "num_heads": 2,
    "embed_dim": 32,
    "mlp_dim": 128
  },
  "training_config": {
    "base_learning_rate": 0.0003,
    "adjusted_learning_rate": 0.0006,
    "batch_size": 256,
    "lr_source": "batch_size_scaling",
    "lr_scaling_applied": true
  },
  "best_accuracy": 96.8,
  "best_epoch": 23,
  "final_accuracy": 96.64,
  "training_time": 356.81407022476196,
  "total_params": 78794,
  "trainable_params": 78794,
  "estimated_flops": 891072,
  "parameter_efficiency": 1228.5199380663503,
  "computational_efficiency": 108633.19686849098,
  "train_history": {
    "train_losses": [
      1.9554352095786562,
      1.6089657387834915,
      1.2172948598861695,
      0.8949251880037024,
      0.7362527378061985,
      0.6359090708671732,
      0.5654423881084361,
      0.5144948502804371,
      0.4756226931480651,
      0.44114243210630216,
      0.41863950719224646,
      0.39460619218806003,
      0.3773753951838676,
      0.3595522605358286,
      0.34649163820642104,
      0.3308362494123743,
      0.31723819444788265,
      0.3078176512997201,
      0.2987087606749636,
      0.2901126661199204,
      0.28654180853924854,
      0.2769153059162992,
      0.269144902711219,
      0.2660744784360236,
      0.26779517379212886,
      0.2634802342095274,
      0.2578385595945602,
      0.2606705621201941
    ],
    "train_accs": [
      26.528333333333332,
      39.97666666666667,
      57.151666666666664,
      70.42833333333333,
      75.66166666666666,
      78.93,
      81.52333333333333,
      83.34666666666666,
      84.26833333333333,
      85.45666666666666,
      86.285,
      87.32833333333333,
      87.81,
      88.39166666666667,
      88.88833333333334,
      89.42333333333333,
      89.73666666666666,
      90.08666666666667,
      90.425,
      90.785,
      90.77666666666667,
      91.05833333333334,
      91.33166666666666,
      91.52,
      91.28833333333333,
      91.68833333333333,
      91.77166666666666,
      91.71166666666667
    ],
    "test_losses": [
      1.7137472182512283,
      1.206114900112152,
      0.6906331464648247,
      0.4556186437606812,
      0.37764115296304224,
      0.29853037241846325,
      0.26788669377565383,
      0.31669704560190437,
      0.2013928630389273,
      0.1773835804313421,
      0.17513565933331848,
      0.19567329762503505,
      0.17019642679952085,
      0.1466885649599135,
      0.13408586971927433,
      0.14318357484880834,
      0.1221738644875586,
      0.12934302142821252,
      0.11397444489412009,
      0.11202751756645739,
      0.11657597336452455,
      0.10238902394194156,
      0.10095698087243363,
      0.10741563772317023,
      0.1031728973495774,
      0.10400050721364096,
      0.10370668506948277,
      0.10158302937634289
    ],
    "test_accs": [
      34.09,
      60.4,
      80.75,
      86.73,
      89.46,
      91.27,
      91.82,
      90.09,
      93.95,
      95.02,
      94.75,
      93.73,
      94.4,
      95.34,
      95.84,
      95.45,
      96.07,
      95.86,
      96.42,
      96.5,
      96.35,
      96.6,
      96.8,
      96.53,
      96.76,
      96.75,
      96.78,
      96.64
    ]
  }
}