{
  "experiment_name": "batch_size_ablation_batch_size_256",
  "group_name": "batch_size_ablation",
  "experiment_config": {
    "patch_size": 7,
    "num_layers": 6,
    "num_heads": 4,
    "embed_dim": 64,
    "batch_size": 256,
    "dropout": 0.1
  },
  "model_config": {
    "img_size": 28,
    "in_channels": 1,
    "num_classes": 10,
    "dropout": 0.1,
    "patch_size": 7,
    "num_layers": 6,
    "num_heads": 4,
    "embed_dim": 64,
    "mlp_dim": 256
  },
  "training_config": {
    "base_learning_rate": 0.0003,
    "adjusted_learning_rate": 0.0006,
    "batch_size": 256,
    "lr_source": "batch_size_scaling",
    "lr_scaling_applied": true
  },
  "best_accuracy": 98.84,
  "best_epoch": 29,
  "final_accuracy": 98.8,
  "training_time": 383.6979150772095,
  "total_params": 305034,
  "trainable_params": 305034,
  "estimated_flops": 3453312,
  "parameter_efficiency": 324.0294524544805,
  "computational_efficiency": 28621.798435820452,
  "train_history": {
    "train_losses": [
      1.8585106154705615,
      1.2025937582584139,
      0.7102005266128703,
      0.5208629188385415,
      0.4166502739520783,
      0.3426286352441666,
      0.29910752887421466,
      0.2671123870509736,
      0.23565853193719336,
      0.21361721154857188,
      0.2005953870238142,
      0.18454951323727345,
      0.17609315565291872,
      0.16392406459818495,
      0.15730955816329795,
      0.14495252583255158,
      0.13960929470176392,
      0.13729982726434445,
      0.12669454570463362,
      0.11859728556047094,
      0.11486937349781078,
      0.11460713714044145,
      0.10963272526860238,
      0.1050218623844867,
      0.10109702511987788,
      0.09638568191452229,
      0.09719572568193395,
      0.09706800630752077,
      0.09596091596053001,
      0.09601818874795386
    ],
    "train_accs": [
      30.201666666666668,
      57.045,
      76.86333333333333,
      83.33,
      86.71666666666667,
      89.21,
      90.50666666666666,
      91.55166666666666,
      92.495,
      93.24333333333334,
      93.67166666666667,
      94.15833333333333,
      94.47,
      94.785,
      95.05833333333334,
      95.37166666666667,
      95.62666666666667,
      95.67833333333333,
      95.98666666666666,
      96.19666666666667,
      96.40666666666667,
      96.38333333333334,
      96.51833333333333,
      96.72666666666667,
      96.81166666666667,
      96.945,
      96.905,
      96.925,
      96.95833333333333,
      97.04166666666667
    ],
    "test_losses": [
      1.5868765443563462,
      0.5146214336156845,
      0.3321443947032094,
      0.21075135786086321,
      0.17836626889184118,
      0.1275225680321455,
      0.12489968249574304,
      0.09612631830386817,
      0.09591330755501985,
      0.0826986588537693,
      0.07590436263708397,
      0.07271215498913079,
      0.0769986012543086,
      0.059783305623568594,
      0.05594470733776689,
      0.05520902313874103,
      0.05351832538144663,
      0.048884221049956975,
      0.046189684470300564,
      0.05009060154552571,
      0.04559265487478115,
      0.04692019846115727,
      0.04228532414417714,
      0.04133161482750438,
      0.03982182220497634,
      0.03987557733198628,
      0.03961104814952705,
      0.03836128077819012,
      0.03763244142755866,
      0.037499943710281515
    ],
    "test_accs": [
      39.9,
      86.12,
      90.24,
      93.47,
      94.69,
      96.11,
      96.06,
      96.83,
      96.95,
      97.43,
      97.39,
      97.75,
      97.49,
      98.06,
      98.18,
      98.1,
      98.23,
      98.39,
      98.55,
      98.43,
      98.55,
      98.57,
      98.72,
      98.67,
      98.7,
      98.7,
      98.73,
      98.83,
      98.84,
      98.8
    ]
  }
}