{
  "experiment_name": "patch_size_ablation_patch_size_7",
  "group_name": "patch_size_ablation",
  "experiment_config": {
    "num_layers": 6,
    "num_heads": 4,
    "embed_dim": 64,
    "batch_size": 64,
    "dropout": 0.1,
    "patch_size": 7
  },
  "model_config": {
    "img_size": 28,
    "in_channels": 1,
    "num_classes": 10,
    "dropout": 0.1,
    "patch_size": 7,
    "num_layers": 6,
    "num_heads": 4,
    "embed_dim": 64,
    "mlp_dim": 256
  },
  "training_config": {
    "base_learning_rate": 0.0003,
    "adjusted_learning_rate": 0.0003,
    "batch_size": 64,
    "lr_source": "batch_size_scaling",
    "lr_scaling_applied": true
  },
  "best_accuracy": 98.92,
  "best_epoch": 28,
  "final_accuracy": 98.88,
  "training_time": 592.2502164840698,
  "total_params": 305034,
  "trainable_params": 305034,
  "estimated_flops": 3453312,
  "parameter_efficiency": 324.291718300255,
  "computational_efficiency": 28644.96460209793,
  "train_history": {
    "train_losses": [
      1.7594349347452112,
      0.9336621055026044,
      0.5621573192351408,
      0.4269242265394756,
      0.35877643410426213,
      0.3120017703980017,
      0.27598390295339037,
      0.247462801261942,
      0.22895029206265774,
      0.20882441545091968,
      0.19487973232108202,
      0.1770714074810113,
      0.16699358182691182,
      0.15343302416045274,
      0.1489224570539238,
      0.13756562602410374,
      0.13055339643060526,
      0.12234009269660692,
      0.11726987939367671,
      0.1126957140835141,
      0.10927961035760672,
      0.10337421274992195,
      0.09883585310122098,
      0.09589916877478345,
      0.09516212981648997,
      0.09104432293555455,
      0.08769158197632397,
      0.08830457723199098,
      0.08885581859760781,
      0.08637469094385629
    ],
    "train_accs": [
      34.16166666666667,
      68.63666666666667,
      81.83833333333334,
      86.23666666666666,
      88.41,
      90.03833333333333,
      91.22333333333333,
      92.07333333333334,
      92.73333333333333,
      93.32,
      93.85333333333334,
      94.49333333333334,
      94.66166666666666,
      95.13666666666667,
      95.3,
      95.62166666666667,
      95.96333333333334,
      96.23166666666667,
      96.27666666666667,
      96.37666666666667,
      96.61166666666666,
      96.71833333333333,
      96.80833333333334,
      96.92,
      96.93833333333333,
      97.085,
      97.18666666666667,
      97.25666666666666,
      97.11333333333333,
      97.24
    ],
    "test_losses": [
      1.2162002655351238,
      0.458819052643457,
      0.2503002588963433,
      0.1739636096557614,
      0.14545054288260686,
      0.13738584697578743,
      0.12075844101584071,
      0.1048503145783143,
      0.0927733150503604,
      0.08439155626496311,
      0.07049815101655806,
      0.07016082158146106,
      0.06584632979071206,
      0.05888081848944662,
      0.06115007926012941,
      0.0523526441160542,
      0.0482814318610201,
      0.05151453353598073,
      0.04706798557927654,
      0.045210073343151885,
      0.04295323448994191,
      0.040842145251311884,
      0.03750387806731579,
      0.03758044549557647,
      0.03687320356472294,
      0.03696639707073225,
      0.03517028768502389,
      0.034403867710005066,
      0.034815926670918394,
      0.034768323864117504
    ],
    "test_accs": [
      57.43,
      86.58,
      92.51,
      94.54,
      95.63,
      95.52,
      96.08,
      96.71,
      96.96,
      97.37,
      97.82,
      97.79,
      97.91,
      98.12,
      98.0,
      98.37,
      98.56,
      98.24,
      98.54,
      98.65,
      98.72,
      98.72,
      98.82,
      98.89,
      98.88,
      98.88,
      98.87,
      98.92,
      98.86,
      98.88
    ]
  }
}