{
  "experiment_name": "depth_ablation_num_layers_6",
  "group_name": "depth_ablation",
  "experiment_config": {
    "patch_size": 7,
    "num_heads": 4,
    "embed_dim": 64,
    "batch_size": 64,
    "dropout": 0.1,
    "num_layers": 6
  },
  "model_config": {
    "img_size": 28,
    "in_channels": 1,
    "num_classes": 10,
    "dropout": 0.1,
    "patch_size": 7,
    "num_layers": 6,
    "num_heads": 4,
    "embed_dim": 64,
    "mlp_dim": 256
  },
  "training_config": {
    "base_learning_rate": 0.0003,
    "adjusted_learning_rate": 0.0003,
    "batch_size": 64,
    "lr_source": "batch_size_scaling",
    "lr_scaling_applied": true
  },
  "best_accuracy": 98.88,
  "best_epoch": 26,
  "final_accuracy": 98.79,
  "training_time": 567.2797927856445,
  "total_params": 305034,
  "trainable_params": 305034,
  "estimated_flops": 3453312,
  "parameter_efficiency": 324.1605853773678,
  "computational_efficiency": 28633.381518959188,
  "train_history": {
    "train_losses": [
      1.697358778100024,
      0.8596447123202688,
      0.5357354572300972,
      0.41320518637771037,
      0.35278909524747815,
      0.2977003974240345,
      0.26519401500156436,
      0.24157249125669886,
      0.2262188717127164,
      0.20667581782856984,
      0.1930360933408332,
      0.17503088929537516,
      0.1687148771087911,
      0.1589788549236143,
      0.15033936139636997,
      0.14192437117041617,
      0.13419267283216404,
      0.12607251086742924,
      0.12192565851858747,
      0.11680643309924457,
      0.11399202336714084,
      0.10727055332085281,
      0.10172803137304463,
      0.09963714270028415,
      0.09887286379877756,
      0.09473467741542851,
      0.09273960583779746,
      0.09112939628303798,
      0.09466531847927298,
      0.09143640445485743
    ],
    "train_accs": [
      36.95,
      71.32833333333333,
      82.70333333333333,
      86.82166666666667,
      88.825,
      90.50833333333334,
      91.65333333333334,
      92.37,
      92.86166666666666,
      93.525,
      93.89166666666667,
      94.35833333333333,
      94.73333333333333,
      94.87333333333333,
      95.28666666666666,
      95.455,
      95.82833333333333,
      96.01333333333334,
      96.18166666666667,
      96.27166666666666,
      96.37333333333333,
      96.53666666666666,
      96.74166666666666,
      96.79166666666667,
      96.88666666666667,
      96.97666666666667,
      97.105,
      97.11666666666666,
      97.025,
      97.11333333333333
    ],
    "test_losses": [
      0.9188750029369525,
      0.4031265171090509,
      0.2048659036469877,
      0.19511595752778327,
      0.15184261731115306,
      0.12420816201669206,
      0.10511414405955061,
      0.10250878364595163,
      0.08524029230354888,
      0.07889595436329722,
      0.0710520860887352,
      0.07176257782485218,
      0.06527631704481972,
      0.05715715604134284,
      0.05358854649146532,
      0.05958831192225598,
      0.04900495643033438,
      0.04864520896752632,
      0.047529104116423186,
      0.0425041191395562,
      0.04293192460002959,
      0.04155766922397729,
      0.041328938428763375,
      0.03964481357771275,
      0.037228730310697795,
      0.03600135168125912,
      0.03568787038864592,
      0.03557190088745041,
      0.0354140227501856,
      0.03523692390310525
    ],
    "test_accs": [
      72.02,
      88.19,
      94.18,
      94.02,
      95.34,
      96.1,
      96.81,
      96.94,
      97.25,
      97.37,
      97.83,
      97.68,
      98.05,
      98.15,
      98.25,
      98.03,
      98.43,
      98.37,
      98.47,
      98.6,
      98.61,
      98.65,
      98.54,
      98.7,
      98.74,
      98.88,
      98.77,
      98.8,
      98.83,
      98.79
    ]
  }
}