{
  "experiment_name": "orthogonal_design_6",
  "group_name": "orthogonal_design",
  "experiment_config": {
    "patch_size": 7,
    "num_layers": 9,
    "num_heads": 2,
    "embed_dim": 64,
    "batch_size": 256,
    "learning_rate": 0.0001,
    "dropout": 0.2
  },
  "model_config": {
    "img_size": 28,
    "in_channels": 1,
    "num_classes": 10,
    "dropout": 0.2,
    "patch_size": 7,
    "num_layers": 9,
    "num_heads": 2,
    "embed_dim": 64,
    "mlp_dim": 256
  },
  "training_config": {
    "base_learning_rate": 0.0003,
    "adjusted_learning_rate": 0.0001,
    "batch_size": 256,
    "lr_source": "experiment_config",
    "lr_scaling_applied": false
  },
  "best_accuracy": 94.45,
  "best_epoch": 27,
  "final_accuracy": 94.37,
  "training_time": 402.0881519317627,
  "total_params": 454986,
  "trainable_params": 454986,
  "estimated_flops": 5179968,
  "parameter_efficiency": 207.5888049302616,
  "computational_efficiency": 18233.70337422934,
  "train_history": {
    "train_losses": [
      2.0529189505475633,
      1.8589462650583146,
      1.6334660109053267,
      1.443516727711292,
      1.2840243583029889,
      1.1406345887387053,
      1.0202626421096477,
      0.9181113063020909,
      0.820123271992866,
      0.7467922449111939,
      0.6895027568999758,
      0.6472876683194586,
      0.6079660858245606,
      0.5771657064874122,
      0.5516809746305993,
      0.533804797872584,
      0.5139070356145818,
      0.49477353806191304,
      0.48286876944785423,
      0.4733570106486057,
      0.4630965955713962,
      0.45119543785744526,
      0.44750828070843474,
      0.4388536344183252,
      0.43967390960835395,
      0.43050802185180337,
      0.42217736117383264,
      0.42518297154852686,
      0.42696280568204026,
      0.4266882172290315
    ],
    "train_accs": [
      24.828333333333333,
      31.401666666666667,
      41.105,
      47.678333333333335,
      54.218333333333334,
      60.02166666666667,
      65.00833333333334,
      69.445,
      73.17166666666667,
      75.48833333333333,
      77.40333333333334,
      78.93666666666667,
      80.25333333333333,
      81.41666666666667,
      82.20666666666666,
      82.92666666666666,
      83.57833333333333,
      84.37666666666667,
      84.58166666666666,
      84.92333333333333,
      85.28666666666666,
      85.57166666666667,
      85.78166666666667,
      86.08666666666667,
      86.14166666666667,
      86.36166666666666,
      86.46166666666667,
      86.48,
      86.54333333333334,
      86.43166666666667
    ],
    "test_losses": [
      1.9940388560295106,
      1.5671486258506775,
      1.311314645409584,
      1.1039138063788414,
      0.9135073855519295,
      0.7742849230766297,
      0.6138527661561965,
      0.5125787988305092,
      0.44402192570269106,
      0.3879468157887459,
      0.3575237687677145,
      0.31141726560890676,
      0.2940943272784352,
      0.27530677933245895,
      0.26168342027813196,
      0.24774674363434315,
      0.2551604488864541,
      0.2340834613889456,
      0.22198670636862516,
      0.21782662011682988,
      0.20836621820926665,
      0.20479745510965586,
      0.20694528548046948,
      0.19826062181964516,
      0.1957924417220056,
      0.19522015936672688,
      0.19375388957560064,
      0.19251917926594614,
      0.19321232549846173,
      0.19194329865276813
    ],
    "test_accs": [
      25.93,
      45.81,
      54.66,
      64.38,
      71.69,
      76.08,
      82.62,
      86.21,
      87.49,
      89.23,
      89.86,
      91.19,
      91.36,
      92.43,
      92.67,
      93.08,
      92.75,
      93.63,
      93.72,
      94.01,
      93.93,
      94.24,
      93.88,
      94.38,
      94.29,
      94.32,
      94.45,
      94.42,
      94.38,
      94.37
    ]
  }
}