{
  "experiment_name": "orthogonal_design_2",
  "group_name": "orthogonal_design",
  "experiment_config": {
    "patch_size": 4,
    "num_layers": 6,
    "num_heads": 4,
    "embed_dim": 64,
    "batch_size": 256,
    "learning_rate": 0.0003,
    "dropout": 0.15
  },
  "model_config": {
    "img_size": 28,
    "in_channels": 1,
    "num_classes": 10,
    "dropout": 0.15,
    "patch_size": 4,
    "num_layers": 6,
    "num_heads": 4,
    "embed_dim": 64,
    "mlp_dim": 256
  },
  "training_config": {
    "base_learning_rate": 0.0003,
    "adjusted_learning_rate": 0.0003,
    "batch_size": 256,
    "lr_source": "experiment_config",
    "lr_scaling_applied": false
  },
  "best_accuracy": 97.38,
  "best_epoch": 29,
  "final_accuracy": 97.3,
  "training_time": 458.5110182762146,
  "total_params": 305034,
  "trainable_params": 305034,
  "estimated_flops": 10790400,
  "parameter_efficiency": 319.2431007690946,
  "computational_efficiency": 9024.688612099644,
  "train_history": {
    "train_losses": [
      1.9573918129535433,
      1.6387775684924837,
      1.3205117022737545,
      1.1165354180843272,
      0.9379211735218129,
      0.7875070764663371,
      0.6469724002036642,
      0.5514470556949047,
      0.48945534774597654,
      0.43633945698433735,
      0.4035381733103001,
      0.37118309679183553,
      0.3423537788238931,
      0.3245865537131086,
      0.3061753254621587,
      0.28920637540360716,
      0.27247743910931527,
      0.2582825505987127,
      0.2496363716239625,
      0.24278061821105631,
      0.23723595411853587,
      0.22469379594351382,
      0.22220847923704917,
      0.21527791023254395,
      0.21143841394718657,
      0.20770032351955453,
      0.2072431115393943,
      0.20644060871068468,
      0.1999781827343271,
      0.2002581093539583
    ],
    "train_accs": [
      26.356666666666666,
      36.46333333333333,
      52.06,
      60.38666666666666,
      67.47666666666667,
      73.345,
      78.70166666666667,
      81.99666666666667,
      84.065,
      85.83,
      86.94666666666667,
      87.92666666666666,
      89.13166666666666,
      89.52666666666667,
      90.18833333333333,
      90.825,
      91.32333333333334,
      91.79333333333334,
      92.10833333333333,
      92.33,
      92.44333333333333,
      92.82166666666667,
      93.00166666666667,
      93.25833333333334,
      93.34,
      93.29166666666667,
      93.52166666666666,
      93.45,
      93.68,
      93.65
    ],
    "test_losses": [
      1.6361379683017732,
      1.4037406623363495,
      0.9932968035340309,
      0.9520701557397843,
      0.5709280088543892,
      0.42438599839806557,
      0.2878264747560024,
      0.24040032997727395,
      0.21829280443489552,
      0.21860310547053813,
      0.17237760508432984,
      0.15823774547316133,
      0.14004954658448696,
      0.16107730041258037,
      0.14403156703338027,
      0.11966184640768915,
      0.11984196754638106,
      0.12364233906846493,
      0.1166240724734962,
      0.09960964061319828,
      0.10365368638886138,
      0.10257380243856459,
      0.09076393739087507,
      0.09247441201005131,
      0.0910415877471678,
      0.0866694319061935,
      0.08986423893366009,
      0.08832125870976597,
      0.08536180533701554,
      0.0870730041875504
    ],
    "test_accs": [
      36.16,
      50.13,
      66.85,
      63.43,
      82.0,
      86.5,
      91.57,
      93.08,
      93.49,
      93.22,
      94.93,
      94.89,
      95.76,
      95.36,
      95.59,
      96.33,
      96.46,
      96.22,
      96.44,
      96.78,
      96.83,
      96.97,
      97.1,
      97.06,
      97.2,
      97.34,
      97.21,
      97.31,
      97.38,
      97.3
    ]
  }
}