{
  "experiment_name": "balanced_model",
  "group_name": "extreme_configs",
  "experiment_config": {
    "name": "balanced_model",
    "patch_size": 7,
    "num_layers": 6,
    "num_heads": 4,
    "embed_dim": 64,
    "batch_size": 256,
    "dropout": 0.15
  },
  "model_config": {
    "img_size": 28,
    "in_channels": 1,
    "num_classes": 10,
    "dropout": 0.15,
    "patch_size": 7,
    "num_layers": 6,
    "num_heads": 4,
    "embed_dim": 64,
    "mlp_dim": 256
  },
  "training_config": {
    "base_learning_rate": 0.0003,
    "adjusted_learning_rate": 0.0006,
    "batch_size": 256,
    "lr_source": "batch_size_scaling",
    "lr_scaling_applied": true
  },
  "best_accuracy": 98.57,
  "best_epoch": 28,
  "final_accuracy": 98.51,
  "training_time": 384.3760199546814,
  "total_params": 305034,
  "trainable_params": 305034,
  "estimated_flops": 3453312,
  "parameter_efficiency": 323.1443052249913,
  "computational_efficiency": 28543.612624633974,
  "train_history": {
    "train_losses": [
      1.910927068426254,
      1.5257234644382558,
      1.11207129067563,
      0.7385320975425396,
      0.5352484663750263,
      0.4319067916971572,
      0.3715251067851452,
      0.33020456674251153,
      0.2894931611228497,
      0.2727040395457694,
      0.2477529950598453,
      0.23610046582019076,
      0.2206901325824413,
      0.20350513848218513,
      0.19631889348334455,
      0.18581144356347146,
      0.1759811909908944,
      0.16643613120342823,
      0.16413540339216273,
      0.15621891059774035,
      0.151007231689514,
      0.14246046260950412,
      0.1417482353429845,
      0.13733337914690058,
      0.13181978353160492,
      0.13037903167782947,
      0.13054236290936774,
      0.12642820997441068,
      0.12747960306228476,
      0.1261110878529701
    ],
    "train_accs": [
      27.516666666666666,
      42.715,
      60.175,
      75.225,
      82.63666666666667,
      86.16,
      88.185,
      89.60833333333333,
      90.84,
      91.415,
      92.23333333333333,
      92.44166666666666,
      93.13,
      93.58,
      93.83,
      94.11166666666666,
      94.43333333333334,
      94.73333333333333,
      94.79,
      95.085,
      95.25,
      95.4,
      95.50333333333333,
      95.60166666666667,
      95.72,
      95.73833333333333,
      95.83833333333334,
      95.95666666666666,
      95.96,
      95.97833333333334
    ],
    "test_losses": [
      1.6412603378295898,
      1.1681045830249785,
      0.6080057270824909,
      0.30224946029484273,
      0.23141379989683628,
      0.17202495951205493,
      0.16063804212026297,
      0.11750424378551542,
      0.10441060911398381,
      0.09111151853576302,
      0.09859553405549377,
      0.09087327430024743,
      0.07480736298020929,
      0.06812046699924394,
      0.06744336531264708,
      0.06108115868410095,
      0.05891372401965782,
      0.05861456743441522,
      0.05619813311495818,
      0.05409621199942194,
      0.05098454826511443,
      0.0473642407276202,
      0.04854046832770109,
      0.04522724343114533,
      0.04502512714243494,
      0.04413902192609385,
      0.043717235705116764,
      0.043218228116165845,
      0.04320470510283485,
      0.04310559593723155
    ],
    "test_accs": [
      36.02,
      57.45,
      80.38,
      91.24,
      93.05,
      94.86,
      95.13,
      96.38,
      96.75,
      97.07,
      96.77,
      97.1,
      97.49,
      97.76,
      98.04,
      98.09,
      98.05,
      98.1,
      98.19,
      98.32,
      98.35,
      98.43,
      98.38,
      98.46,
      98.37,
      98.53,
      98.51,
      98.57,
      98.51,
      98.51
    ]
  }
}