{
  "experiment_name": "orthogonal_design_8",
  "group_name": "orthogonal_design",
  "experiment_config": {
    "patch_size": 14,
    "num_layers": 6,
    "num_heads": 2,
    "embed_dim": 128,
    "batch_size": 1024,
    "learning_rate": 0.0001,
    "dropout": 0.1
  },
  "model_config": {
    "img_size": 28,
    "in_channels": 1,
    "num_classes": 10,
    "dropout": 0.1,
    "patch_size": 14,
    "num_layers": 6,
    "num_heads": 2,
    "embed_dim": 128,
    "mlp_dim": 512
  },
  "training_config": {
    "base_learning_rate": 0.0003,
    "adjusted_learning_rate": 0.0001,
    "batch_size": 1024,
    "lr_source": "experiment_config",
    "lr_scaling_applied": false
  },
  "best_accuracy": 97.53,
  "best_epoch": 24,
  "final_accuracy": 97.47,
  "training_time": 331.7699635028839,
  "total_params": 1217162,
  "trainable_params": 1217162,
  "estimated_flops": 3951360,
  "parameter_efficiency": 80.12902144496789,
  "computational_efficiency": 24682.64091350826,
  "train_history": {
    "train_losses": [
      1.6519717382172407,
      1.181834185527543,
      0.8680895415403075,
      0.6745654627428217,
      0.5551147178067999,
      0.48821743817652685,
      0.43535391001378076,
      0.40447586522263995,
      0.3719562170869213,
      0.34913870894302756,
      0.3304576691934618,
      0.3160141203868187,
      0.3070847967923698,
      0.2894091196989609,
      0.2818466144598136,
      0.27230319102941936,
      0.2676099134703814,
      0.26114265898526723,
      0.25305799735804735,
      0.25032400125164095,
      0.24355178541046077,
      0.242534740749052,
      0.23369477588241383,
      0.23523326041334766,
      0.23404126399654454,
      0.23047406491586717,
      0.22759411496631168,
      0.22829788089808772,
      0.225372491751687
    ],
    "train_accs": [
      47.54833333333333,
      65.23833333333333,
      75.34666666666666,
      80.88833333333334,
      84.11833333333334,
      86.05333333333333,
      87.39833333333333,
      88.16833333333334,
      89.09,
      89.77833333333334,
      90.14166666666667,
      90.685,
      91.03,
      91.37833333333333,
      91.52666666666667,
      91.88166666666666,
      92.13,
      92.20833333333333,
      92.49666666666667,
      92.525,
      92.805,
      92.80833333333334,
      93.05,
      93.00666666666666,
      93.055,
      93.04833333333333,
      93.23333333333333,
      93.09166666666667,
      93.32833333333333
    ],
    "test_losses": [
      0.9823176383972168,
      0.6080857574939728,
      0.39954017400741576,
      0.2959834948182106,
      0.23587234169244767,
      0.20076197236776352,
      0.17588117867708206,
      0.16795854270458221,
      0.14423898085951806,
      0.13877586349844934,
      0.12867602556943894,
      0.12231337130069733,
      0.11393023803830146,
      0.10954943299293518,
      0.10577225536108018,
      0.10056124441325665,
      0.09933742769062519,
      0.094497324898839,
      0.09193934835493564,
      0.08955343514680862,
      0.08783678226172924,
      0.0868458766490221,
      0.08406968824565411,
      0.08305310010910034,
      0.08257884457707405,
      0.08232976272702217,
      0.08131433799862861,
      0.08091131001710891,
      0.08070158958435059
    ],
    "test_accs": [
      80.16,
      88.99,
      92.06,
      93.77,
      94.83,
      95.15,
      95.85,
      95.82,
      96.24,
      96.23,
      96.5,
      96.59,
      96.86,
      96.89,
      97.0,
      97.14,
      97.11,
      97.17,
      97.19,
      97.35,
      97.28,
      97.39,
      97.42,
      97.53,
      97.48,
      97.46,
      97.39,
      97.46,
      97.47
    ]
  }
}