{
  "experiment_name": "learning_rate_ablation_learning_rate_0.0001",
  "group_name": "learning_rate_ablation",
  "experiment_config": {
    "patch_size": 7,
    "num_layers": 6,
    "num_heads": 4,
    "embed_dim": 64,
    "batch_size": 64,
    "dropout": 0.1,
    "learning_rate": 0.0001
  },
  "model_config": {
    "img_size": 28,
    "in_channels": 1,
    "num_classes": 10,
    "dropout": 0.1,
    "patch_size": 7,
    "num_layers": 6,
    "num_heads": 4,
    "embed_dim": 64,
    "mlp_dim": 256
  },
  "training_config": {
    "base_learning_rate": 0.0003,
    "adjusted_learning_rate": 0.0001,
    "batch_size": 64,
    "lr_source": "experiment_config",
    "lr_scaling_applied": false
  },
  "best_accuracy": 98.0,
  "best_epoch": 25,
  "final_accuracy": 97.93,
  "training_time": 567.7589859962463,
  "total_params": 305034,
  "trainable_params": 305034,
  "estimated_flops": 3453312,
  "parameter_efficiency": 321.2756610738475,
  "computational_efficiency": 28378.553689906963,
  "train_history": {
    "train_losses": [
      1.907989866825055,
      1.2752216248624106,
      0.822195155597699,
      0.6150095046265547,
      0.4995332845905696,
      0.4357389196006855,
      0.39087180162607227,
      0.35478158665300685,
      0.32776522027181665,
      0.30541550669112183,
      0.2899295714165547,
      0.2702830514864627,
      0.2521003538937266,
      0.24528620797576808,
      0.23357809439444466,
      0.22287506811511415,
      0.2127311655453273,
      0.20862930688236567,
      0.20161428088064132,
      0.19520757779447254,
      0.18961032070140085,
      0.18742763918083805,
      0.1824953925631035,
      0.17819369587499195,
      0.17414088756727703,
      0.16982256911440827,
      0.16556595508922647,
      0.1652017826897535,
      0.16750014596171917,
      0.16801657674830162
    ],
    "train_accs": [
      30.525,
      56.28,
      73.585,
      80.385,
      84.11333333333333,
      86.18166666666667,
      87.65333333333334,
      88.8,
      89.74333333333334,
      90.49166666666666,
      90.97,
      91.465,
      92.16833333333334,
      92.27333333333333,
      92.65,
      92.96333333333334,
      93.36166666666666,
      93.43,
      93.75,
      93.87833333333333,
      94.07333333333334,
      94.05833333333334,
      94.25333333333333,
      94.36833333333334,
      94.55,
      94.63833333333334,
      94.91833333333334,
      94.80333333333333,
      94.64833333333333,
      94.76
    ],
    "test_losses": [
      1.3961851596832275,
      0.689542922814181,
      0.39839942705859044,
      0.30783222520806985,
      0.23818196149863255,
      0.19788493989569367,
      0.17609030551686408,
      0.15652757103015094,
      0.1307734464514692,
      0.15079027875237594,
      0.11390476440714234,
      0.10958999374608515,
      0.10723868401566888,
      0.10799347619365925,
      0.09792233974773698,
      0.08968572899889035,
      0.0845603263183574,
      0.09025198163073155,
      0.0758586415700662,
      0.0776029939104797,
      0.0825950076839157,
      0.07475420721854041,
      0.07343827686153921,
      0.07215033025498603,
      0.06536762419180459,
      0.06766925868133356,
      0.06955415154154751,
      0.06732805169359514,
      0.06660390396566859,
      0.06544405360895975
    ],
    "test_accs": [
      55.49,
      80.15,
      90.09,
      91.34,
      92.66,
      94.18,
      94.56,
      95.2,
      96.12,
      95.11,
      96.41,
      96.59,
      96.46,
      96.65,
      96.84,
      97.25,
      97.25,
      97.12,
      97.64,
      97.62,
      97.38,
      97.68,
      97.78,
      97.79,
      98.0,
      97.9,
      97.81,
      97.86,
      97.95,
      97.93
    ]
  }
}