{
  "experiment_name": "orthogonal_design_4",
  "group_name": "orthogonal_design",
  "experiment_config": {
    "patch_size": 7,
    "num_layers": 3,
    "num_heads": 4,
    "embed_dim": 128,
    "batch_size": 1024,
    "learning_rate": 0.0003,
    "dropout": 0.1
  },
  "model_config": {
    "img_size": 28,
    "in_channels": 1,
    "num_classes": 10,
    "dropout": 0.1,
    "patch_size": 7,
    "num_layers": 3,
    "num_heads": 4,
    "embed_dim": 128,
    "mlp_dim": 512
  },
  "training_config": {
    "base_learning_rate": 0.0003,
    "adjusted_learning_rate": 0.0003,
    "batch_size": 1024,
    "lr_source": "experiment_config",
    "lr_scaling_applied": false
  },
  "best_accuracy": 97.73,
  "best_epoch": 30,
  "final_accuracy": 97.73,
  "training_time": 360.638231754303,
  "total_params": 605066,
  "trainable_params": 605066,
  "estimated_flops": 6795648,
  "parameter_efficiency": 161.5195697659429,
  "computational_efficiency": 14381.262831741727,
  "train_history": {
    "train_losses": [
      2.010805596739559,
      1.740684683040037,
      1.3252248885267872,
      1.0054649346965854,
      0.776673701860137,
      0.633138437392348,
      0.5424824963181706,
      0.4785031039836043,
      0.41947587162761363,
      0.3838605052333767,
      0.34737510953919365,
      0.3208982434313176,
      0.30940922286550876,
      0.28600854363481876,
      0.26847913179357175,
      0.2593265441009554,
      0.24345681323843488,
      0.2370377425420082,
      0.23199539669489455,
      0.22715308656126765,
      0.21695797120110463,
      0.2131702819113004,
      0.20558767929925756,
      0.20773078172893847,
      0.20102116465568542,
      0.2022599327867314,
      0.19460822869155367,
      0.1933814655926268,
      0.19568602867045645,
      0.19653099093396784
    ],
    "train_accs": [
      25.621666666666666,
      36.14,
      53.193333333333335,
      65.81166666666667,
      74.40166666666667,
      79.41833333333334,
      82.57333333333334,
      84.84166666666667,
      86.815,
      87.78,
      89.18,
      89.87666666666667,
      90.22833333333334,
      90.97166666666666,
      91.52666666666667,
      91.865,
      92.305,
      92.58166666666666,
      92.57166666666667,
      92.75833333333334,
      93.24333333333334,
      93.41166666666666,
      93.68666666666667,
      93.45833333333333,
      93.74166666666666,
      93.69166666666666,
      93.935,
      93.94666666666667,
      93.84166666666667,
      93.84333333333333
    ],
    "test_losses": [
      1.8168427109718324,
      1.292158555984497,
      0.8649210333824158,
      0.5749257385730744,
      0.37172664403915406,
      0.30334752798080444,
      0.22952864021062852,
      0.21552591621875763,
      0.19307206198573112,
      0.154143987596035,
      0.1511347271502018,
      0.1335457444190979,
      0.12046417891979218,
      0.11482650935649871,
      0.11313788630068303,
      0.10297541841864585,
      0.1041901834309101,
      0.09848720170557498,
      0.10016237013041973,
      0.08757219985127448,
      0.09010225906968117,
      0.08357328884303569,
      0.08344407230615616,
      0.08316512070596219,
      0.08031836934387684,
      0.07932444103062153,
      0.07734195776283741,
      0.07635436430573464,
      0.07606187909841537,
      0.07623255513608455
    ],
    "test_accs": [
      34.38,
      54.24,
      70.81,
      82.63,
      90.14,
      91.58,
      93.74,
      93.94,
      94.32,
      95.66,
      95.34,
      95.87,
      96.31,
      96.52,
      96.54,
      96.97,
      96.8,
      97.0,
      96.89,
      97.24,
      97.2,
      97.42,
      97.42,
      97.39,
      97.56,
      97.62,
      97.69,
      97.72,
      97.67,
      97.73
    ]
  }
}