{
  "experiment_name": "patch_size_ablation_patch_size_14",
  "group_name": "patch_size_ablation",
  "experiment_config": {
    "num_layers": 6,
    "num_heads": 4,
    "embed_dim": 64,
    "batch_size": 64,
    "dropout": 0.1,
    "patch_size": 14
  },
  "model_config": {
    "img_size": 28,
    "in_channels": 1,
    "num_classes": 10,
    "dropout": 0.1,
    "patch_size": 14,
    "num_layers": 6,
    "num_heads": 4,
    "embed_dim": 64,
    "mlp_dim": 256
  },
  "training_config": {
    "base_learning_rate": 0.0003,
    "adjusted_learning_rate": 0.0003,
    "batch_size": 64,
    "lr_source": "batch_size_scaling",
    "lr_scaling_applied": true
  },
  "best_accuracy": 98.92,
  "best_epoch": 27,
  "final_accuracy": 98.88,
  "training_time": 586.6808896064758,
  "total_params": 313674,
  "trainable_params": 313674,
  "estimated_flops": 992640,
  "parameter_efficiency": 315.3592583382748,
  "computational_efficiency": 99653.44938749194,
  "train_history": {
    "train_losses": [
      0.9573868543926333,
      0.4286167418588199,
      0.33419266733914804,
      0.2902689177169602,
      0.25670253400450577,
      0.23832992906334685,
      0.217955459127707,
      0.20218099692244645,
      0.19410872466957518,
      0.17721918489791946,
      0.1677763136639905,
      0.16051468272596153,
      0.1530618536760653,
      0.14560528004021722,
      0.14296736094806747,
      0.13153227515069882,
      0.13270780684819608,
      0.12771721117134924,
      0.12020873542982283,
      0.113987390514908,
      0.11235516843920164,
      0.10770476816682768,
      0.10632821309493422,
      0.10184403340409655,
      0.10197503453414482,
      0.09922526111113412,
      0.10023977909225232,
      0.09671630015346541,
      0.09278537346167304,
      0.09347173577246032
    ],
    "train_accs": [
      69.995,
      86.73333333333333,
      89.69166666666666,
      91.025,
      91.99833333333333,
      92.615,
      93.21333333333334,
      93.66833333333334,
      93.85,
      94.42,
      94.705,
      94.89666666666666,
      95.17333333333333,
      95.355,
      95.48166666666667,
      95.82333333333334,
      95.83166666666666,
      95.905,
      96.20666666666666,
      96.4,
      96.395,
      96.63333333333334,
      96.67,
      96.72666666666667,
      96.725,
      96.82166666666667,
      96.84,
      96.91,
      97.07833333333333,
      97.01333333333334
    ],
    "test_losses": [
      0.23556344085343325,
      0.15560678698739427,
      0.13454874533163325,
      0.1026233926023932,
      0.10540939269255206,
      0.08331809371448816,
      0.07952870623724666,
      0.07102884116707145,
      0.06307251094306587,
      0.06309611277482739,
      0.05504397050237319,
      0.06624918730460867,
      0.058968208709458826,
      0.051342265472812634,
      0.0496213187153635,
      0.045332914824111115,
      0.040895017199841135,
      0.040748097474099534,
      0.03879391048644865,
      0.038204039855946184,
      0.037923616767567316,
      0.035814100257669734,
      0.0353027490126325,
      0.03545858142645377,
      0.033258800891637325,
      0.03333640391241379,
      0.033031691509746844,
      0.03223959333634087,
      0.03211773246279057,
      0.03213310595431253
    ],
    "test_accs": [
      94.01,
      95.69,
      95.83,
      96.88,
      96.65,
      97.38,
      97.42,
      97.8,
      97.96,
      98.0,
      98.17,
      97.76,
      97.95,
      98.37,
      98.48,
      98.57,
      98.49,
      98.7,
      98.66,
      98.74,
      98.78,
      98.83,
      98.82,
      98.75,
      98.88,
      98.9,
      98.92,
      98.89,
      98.86,
      98.88
    ]
  }
}