{
  "experiment_name": "heads_ablation_num_heads_8",
  "group_name": "heads_ablation",
  "experiment_config": {
    "patch_size": 7,
    "num_layers": 6,
    "embed_dim": 64,
    "batch_size": 64,
    "dropout": 0.1,
    "num_heads": 8
  },
  "model_config": {
    "img_size": 28,
    "in_channels": 1,
    "num_classes": 10,
    "dropout": 0.1,
    "patch_size": 7,
    "num_layers": 6,
    "num_heads": 8,
    "embed_dim": 64,
    "mlp_dim": 256
  },
  "training_config": {
    "base_learning_rate": 0.0003,
    "adjusted_learning_rate": 0.0003,
    "batch_size": 64,
    "lr_source": "batch_size_scaling",
    "lr_scaling_applied": true
  },
  "best_accuracy": 99.0,
  "best_epoch": 30,
  "final_accuracy": 99.0,
  "training_time": 556.129022359848,
  "total_params": 305034,
  "trainable_params": 305034,
  "estimated_flops": 3453312,
  "parameter_efficiency": 324.5539841460296,
  "computational_efficiency": 28668.130768375406,
  "train_history": {
    "train_losses": [
      1.7034295452301944,
      0.8505003360161649,
      0.48273092857810224,
      0.3582429603409411,
      0.2941028940191528,
      0.2560284911100862,
      0.23019318665856364,
      0.20296040881893782,
      0.1902112490944326,
      0.17547561052535324,
      0.1617819140039718,
      0.15536321901968483,
      0.14373665874395003,
      0.13454890945382209,
      0.12885345705945703,
      0.12027330723738096,
      0.11305671786146759,
      0.11172348434931592,
      0.10347842209950597,
      0.10342897023749488,
      0.09595214719050077,
      0.09387563758674683,
      0.08885706772308932,
      0.08680830454068587,
      0.0870814852060071,
      0.08313142234332431,
      0.0817480753220594,
      0.0793591397561268,
      0.07793527873836632,
      0.0790711962339927
    ],
    "train_accs": [
      37.193333333333335,
      71.425,
      84.67333333333333,
      88.86666666666666,
      90.74833333333333,
      91.96333333333334,
      92.75833333333334,
      93.615,
      94.035,
      94.45666666666666,
      94.90833333333333,
      95.07333333333334,
      95.49166666666666,
      95.74166666666666,
      95.92166666666667,
      96.16333333333333,
      96.41,
      96.45166666666667,
      96.675,
      96.71,
      96.92166666666667,
      96.96833333333333,
      97.17666666666666,
      97.26833333333333,
      97.26833333333333,
      97.355,
      97.42166666666667,
      97.54333333333334,
      97.51333333333334,
      97.445
    ],
    "test_losses": [
      0.9771681397583833,
      0.357369725206855,
      0.18357922962516737,
      0.15625041286063612,
      0.11275349210378281,
      0.11537380265605868,
      0.0852737444761405,
      0.0879841822490191,
      0.07782123895706075,
      0.07271426849980737,
      0.073825337406497,
      0.061183506657019444,
      0.0592307748293777,
      0.0625690682524234,
      0.05433230557268379,
      0.05297775473593953,
      0.046516228855029935,
      0.047150280128253896,
      0.04499394719742512,
      0.041227544949295085,
      0.03827722874695471,
      0.0351778707825905,
      0.03774540739988161,
      0.03497868259051803,
      0.034456494500842774,
      0.033605077680256695,
      0.03335912419285827,
      0.03294032392244798,
      0.03296634108146985,
      0.03300090187531748
    ],
    "test_accs": [
      69.67,
      89.54,
      94.49,
      95.17,
      96.48,
      96.34,
      97.32,
      97.04,
      97.38,
      97.59,
      97.71,
      98.19,
      98.14,
      98.08,
      98.09,
      98.33,
      98.47,
      98.41,
      98.49,
      98.64,
      98.75,
      98.87,
      98.85,
      98.84,
      98.85,
      98.98,
      98.91,
      98.99,
      98.99,
      99.0
    ]
  }
}