{
  "experiment_name": "maximal_model",
  "group_name": "extreme_configs",
  "experiment_config": {
    "name": "maximal_model",
    "patch_size": 4,
    "num_layers": 9,
    "num_heads": 8,
    "embed_dim": 128,
    "batch_size": 64,
    "dropout": 0.2
  },
  "model_config": {
    "img_size": 28,
    "in_channels": 1,
    "num_classes": 10,
    "dropout": 0.2,
    "patch_size": 4,
    "num_layers": 9,
    "num_heads": 8,
    "embed_dim": 128,
    "mlp_dim": 512
  },
  "training_config": {
    "base_learning_rate": 0.0003,
    "adjusted_learning_rate": 0.0003,
    "batch_size": 64,
    "lr_source": "batch_size_scaling",
    "lr_scaling_applied": true
  },
  "best_accuracy": 99.09,
  "best_epoch": 29,
  "final_accuracy": 99.09,
  "training_time": 970.2499389648438,
  "total_params": 1794698,
  "trainable_params": 1794698,
  "estimated_flops": 61862400,
  "parameter_efficiency": 55.212631874554944,
  "computational_efficiency": 1601.7807262569834,
  "train_history": {
    "train_losses": [
      1.6159437199010016,
      0.8882204899147376,
      0.5387578045985083,
      0.40256056198274404,
      0.3355032259753264,
      0.2830511019038938,
      0.2554185970434184,
      0.22255353360915425,
      0.1987227048597801,
      0.18267226436022502,
      0.16380479242176071,
      0.15132511915690672,
      0.14074443116871468,
      0.13091797556485862,
      0.12235858959497324,
      0.11458762316529685,
      0.10493142929460321,
      0.09957180298151953,
      0.09487342479517624,
      0.08867318196835787,
      0.08429801994229733,
      0.07925236840118795,
      0.07375682868174653,
      0.07181498572788338,
      0.06748470256694837,
      0.06660576558747351,
      0.06476376343792531,
      0.06272944920499728,
      0.06076550236376904,
      0.06093441511937248
    ],
    "train_accs": [
      39.221666666666664,
      69.19333333333333,
      82.09,
      87.05,
      89.175,
      91.075,
      91.97,
      92.92,
      93.71166666666667,
      94.24666666666667,
      94.73166666666667,
      95.10166666666667,
      95.48333333333333,
      95.77333333333333,
      96.155,
      96.36166666666666,
      96.66,
      96.795,
      96.95333333333333,
      97.16333333333333,
      97.24,
      97.47333333333333,
      97.60166666666667,
      97.72,
      97.81166666666667,
      97.82666666666667,
      97.90333333333334,
      97.98666666666666,
      98.035,
      98.03666666666666
    ],
    "test_losses": [
      0.9473027309794335,
      0.3823911182250187,
      0.22563115887011692,
      0.17908017841541463,
      0.15269367416407081,
      0.11350743544353231,
      0.1118717815365144,
      0.1229915527662464,
      0.08118048956273657,
      0.06313883952921032,
      0.08146123318476187,
      0.05687942194891797,
      0.08150835722613677,
      0.058717497562912474,
      0.05411166403439655,
      0.05474795926707814,
      0.05165258089746319,
      0.04452815310618763,
      0.04235953363296309,
      0.03885538065857936,
      0.036903101544171736,
      0.03747958355289617,
      0.03715992095408617,
      0.035406977853442656,
      0.032896844870937324,
      0.029405308911090444,
      0.030692459701020625,
      0.03036827504691211,
      0.029415173052326674,
      0.029449948819486163
    ],
    "test_accs": [
      68.57,
      87.81,
      92.97,
      94.14,
      95.18,
      96.41,
      96.21,
      96.11,
      97.41,
      98.01,
      97.41,
      98.21,
      97.32,
      98.19,
      98.21,
      98.2,
      98.33,
      98.6,
      98.51,
      98.58,
      98.8,
      98.8,
      98.8,
      98.87,
      98.91,
      99.0,
      99.02,
      99.07,
      99.09,
      99.09
    ]
  }
}