{
  "experiment_name": "batch_size_ablation_batch_size_64",
  "group_name": "batch_size_ablation",
  "experiment_config": {
    "patch_size": 7,
    "num_layers": 6,
    "num_heads": 4,
    "embed_dim": 64,
    "batch_size": 64,
    "dropout": 0.1
  },
  "model_config": {
    "img_size": 28,
    "in_channels": 1,
    "num_classes": 10,
    "dropout": 0.1,
    "patch_size": 7,
    "num_layers": 6,
    "num_heads": 4,
    "embed_dim": 64,
    "mlp_dim": 256
  },
  "training_config": {
    "base_learning_rate": 0.0003,
    "adjusted_learning_rate": 0.0003,
    "batch_size": 64,
    "lr_source": "batch_size_scaling",
    "lr_scaling_applied": true
  },
  "best_accuracy": 98.68,
  "best_epoch": 26,
  "final_accuracy": 98.65,
  "training_time": 561.609602689743,
  "total_params": 305034,
  "trainable_params": 305034,
  "estimated_flops": 3453312,
  "parameter_efficiency": 323.50492076293136,
  "computational_efficiency": 28575.466103265506,
  "train_history": {
    "train_losses": [
      1.7369366783195976,
      0.9644297993322933,
      0.5918798192318823,
      0.43854142658746065,
      0.3747749443310919,
      0.32176799833901654,
      0.28295921209031966,
      0.25792155409656736,
      0.23260949602497538,
      0.21172099935411137,
      0.19920482419764818,
      0.1867249321593627,
      0.17510812952796787,
      0.16563285317526125,
      0.15658578732565268,
      0.14382866303176323,
      0.13954906078722717,
      0.1351210819507665,
      0.12960914635101456,
      0.1202154431486133,
      0.11985951588987541,
      0.11141710973449989,
      0.10921928100536135,
      0.10557594412226858,
      0.10428257695367453,
      0.10021821088167523,
      0.09781396119142456,
      0.09744078851193745,
      0.09406070227522267,
      0.09322493274990064
    ],
    "train_accs": [
      35.365,
      67.26333333333334,
      80.78333333333333,
      85.95,
      87.9,
      89.64,
      90.95666666666666,
      91.72666666666667,
      92.58,
      93.31166666666667,
      93.62666666666667,
      94.015,
      94.46166666666667,
      94.73666666666666,
      95.08333333333333,
      95.43333333333334,
      95.56,
      95.64166666666667,
      95.87833333333333,
      96.15166666666667,
      96.19333333333333,
      96.515,
      96.455,
      96.60833333333333,
      96.67,
      96.67,
      96.845,
      96.85333333333334,
      96.99833333333333,
      96.98333333333333
    ],
    "test_losses": [
      1.1369565231784893,
      0.420628204657014,
      0.24625063381472212,
      0.20907430666362403,
      0.13871778925631645,
      0.13492749553102595,
      0.12493995206940706,
      0.10901378641486358,
      0.09816408208956953,
      0.08150417431239869,
      0.08361512227102545,
      0.07780909860821049,
      0.06979315158329714,
      0.06965188710033822,
      0.061357554141728644,
      0.0614640552084893,
      0.054247793416747715,
      0.052574579418595335,
      0.05082575739272366,
      0.04904756666632713,
      0.04493525167067007,
      0.04373071600377536,
      0.04274861167732235,
      0.04179377434330334,
      0.04044595890593934,
      0.0387891922724451,
      0.03907385731937518,
      0.038924447717560325,
      0.03811071828492638,
      0.03798050245761005
    ],
    "test_accs": [
      59.17,
      88.69,
      92.67,
      93.47,
      95.61,
      95.73,
      95.84,
      96.31,
      96.75,
      97.18,
      97.44,
      97.4,
      97.64,
      97.7,
      97.86,
      97.96,
      98.24,
      98.29,
      98.34,
      98.43,
      98.52,
      98.52,
      98.62,
      98.57,
      98.63,
      98.68,
      98.57,
      98.6,
      98.65,
      98.65
    ]
  }
}