{
  "experiment_name": "fast_inference",
  "group_name": "efficiency_focused",
  "experiment_config": {
    "name": "fast_inference",
    "patch_size": 14,
    "num_layers": 3,
    "num_heads": 2,
    "embed_dim": 64,
    "batch_size": 256,
    "dropout": 0.1
  },
  "model_config": {
    "img_size": 28,
    "in_channels": 1,
    "num_classes": 10,
    "dropout": 0.1,
    "patch_size": 14,
    "num_layers": 3,
    "num_heads": 2,
    "embed_dim": 64,
    "mlp_dim": 256
  },
  "training_config": {
    "base_learning_rate": 0.0003,
    "adjusted_learning_rate": 0.0006,
    "batch_size": 256,
    "lr_source": "batch_size_scaling",
    "lr_scaling_applied": true
  },
  "best_accuracy": 98.54,
  "best_epoch": 23,
  "final_accuracy": 98.46,
  "training_time": 337.80442690849304,
  "total_params": 163722,
  "trainable_params": 163722,
  "estimated_flops": 496320,
  "parameter_efficiency": 601.873908210259,
  "computational_efficiency": 198541.26370083817,
  "train_history": {
    "train_losses": [
      1.2128529969682085,
      0.655044317118665,
      0.5136385940490885,
      0.4316229906487972,
      0.3802861143933966,
      0.3437365878769692,
      0.31492797751375967,
      0.2839571867851501,
      0.2619319403425176,
      0.2527564991027751,
      0.23475909049206592,
      0.2255986953035314,
      0.21409310327565417,
      0.2069159617766421,
      0.19731854317670172,
      0.19108211429829294,
      0.18504024937431862,
      0.1764321856042172,
      0.17382935485307208,
      0.1649861104627873,
      0.1619221217613271,
      0.15860789510163856,
      0.15430737851147955,
      0.1506809464160432,
      0.14986382353496044,
      0.14909496110804538,
      0.14766740443858695,
      0.14429920891180953
    ],
    "train_accs": [
      61.513333333333335,
      79.48666666666666,
      84.02666666666667,
      86.46333333333334,
      88.025,
      89.18666666666667,
      90.15333333333334,
      91.025,
      91.585,
      91.99333333333334,
      92.46166666666667,
      92.81666666666666,
      93.16,
      93.51166666666667,
      93.69666666666667,
      93.875,
      94.115,
      94.30833333333334,
      94.45166666666667,
      94.76,
      94.89666666666666,
      94.96666666666667,
      95.16333333333333,
      95.215,
      95.27833333333334,
      95.285,
      95.27666666666667,
      95.38333333333334
    ],
    "test_losses": [
      0.41223906464874743,
      0.23808754924684764,
      0.17238338552415372,
      0.1538436135277152,
      0.1383003861643374,
      0.11347153047099709,
      0.11137879611924291,
      0.10094973943196237,
      0.08865614279638975,
      0.08863049214705825,
      0.07649216708960012,
      0.07384554075542837,
      0.07077003350714221,
      0.0660452144802548,
      0.06390228368109092,
      0.061699609708739445,
      0.060525890719145534,
      0.05711411310476251,
      0.05401011960348114,
      0.052407769556157294,
      0.05238098503905349,
      0.048379075847333294,
      0.04598313031019643,
      0.0458642408659216,
      0.0451875705155544,
      0.04624669438926503,
      0.04422950261505321,
      0.04329505796195008
    ],
    "test_accs": [
      89.6,
      93.24,
      95.12,
      95.38,
      96.02,
      96.38,
      96.38,
      96.77,
      97.12,
      97.03,
      97.41,
      97.49,
      97.56,
      97.76,
      97.83,
      97.87,
      97.89,
      98.11,
      98.22,
      98.22,
      98.18,
      98.38,
      98.54,
      98.36,
      98.39,
      98.42,
      98.5,
      98.46
    ]
  }
}